id;course;idCategory;category;slug;title;time;url
1;TypeScript;1;Fundamentals; introduzione-ad-es6/ts,-babel-e-webpack-(8:48); Introduzione ad ES6/TS, Babel e Webpack (8:48);8:48;https://fabiobiondi.teachable.com/courses/448018/lectures/6878039
2;TypeScript;1;Fundamentals; javascript-es6---cheatsheet; Javascript ES6 - Cheatsheet;00:00;https://fabiobiondi.teachable.com/courses/448018/lectures/8626735
3;TypeScript;1;Fundamentals; var-vs-let---block-scope-vs-function-scope-(4:06); var vs let - Block Scope vs Function Scope (4:06);4:06;https://fabiobiondi.teachable.com/courses/448018/lectures/6877756
4;TypeScript;1;Fundamentals; le-costanti:-const---mutabilità-vs-immutabilità-(6:23); Le costanti: const - Mutabilità vs Immutabilità (6:23);6:23;https://fabiobiondi.teachable.com/courses/448018/lectures/6877757
5;TypeScript;1;Fundamentals; template-literals:-stringhe-multiline-con-espressioni-(3:58); Template literals: stringhe multiline con espressioni (3:58);3:58;https://fabiobiondi.teachable.com/courses/448018/lectures/6877755
6;TypeScript;1;Fundamentals; short-object-syntax-(2:26); Short Object syntax (2:26);2:26;https://fabiobiondi.teachable.com/courses/448018/lectures/6878160
7;TypeScript;1;Fundamentals; destructuring-array-(3:38); Destructuring Array (3:38);3:38;https://fabiobiondi.teachable.com/courses/448018/lectures/6878163
8;TypeScript;1;Fundamentals; destructuring-object---part-1-(5:47); Destructuring Object - part 1 (5:47);5:47;https://fabiobiondi.teachable.com/courses/448018/lectures/8637315
9;TypeScript;1;Fundamentals; destructuring-object---part-2:-nested-props-(3:27); Destructuring Object - part 2: nested props (3:27);3:27;https://fabiobiondi.teachable.com/courses/448018/lectures/8637319
10;TypeScript;1;Fundamentals; destructuring-object---part-3:-rename-&-short-object-syntax-(2:13); Destructuring Object - part 3: rename & short object syntax (2:13);2:13;https://fabiobiondi.teachable.com/courses/448018/lectures/8637320
11;TypeScript;2;Manipolazione dati e immutabilità; array-spread-operator:-clone,-merge-e-modifica-array-(3:15); Array Spread operator: clone, merge e modifica array (3:15);3:15;https://fabiobiondi.teachable.com/courses/448018/lectures/6877758
12;TypeScript;2;Manipolazione dati e immutabilità; object-spread-operator-vs-object.assign-(4:55); Object Spread operator vs Object.assign (4:55);4:55;https://fabiobiondi.teachable.com/courses/448018/lectures/6877761
13;TypeScript;2;Manipolazione dati e immutabilità; arrow-function-(4:32); Arrow function (4:32);4:32;https://fabiobiondi.teachable.com/courses/448018/lectures/6877744
14;TypeScript;2;Manipolazione dati e immutabilità; array:-map-(4:10); Array: map (4:10);4:10;https://fabiobiondi.teachable.com/courses/448018/lectures/6877745
15;TypeScript;2;Manipolazione dati e immutabilità; array:-filter-(2:41); Array: filter (2:41);2:41;https://fabiobiondi.teachable.com/courses/448018/lectures/8620040
16;TypeScript;2;Manipolazione dati e immutabilità; array:-find-&-findindex-(3:29); Array: find & findIndex (3:29);3:29;https://fabiobiondi.teachable.com/courses/448018/lectures/8620492
17;TypeScript;2;Manipolazione dati e immutabilità; immutabilità-in-es6,-react,-angular,-redux-(13:30); Immutabilità in ES6, React, Angular, Redux (13:30);13:30;https://fabiobiondi.teachable.com/courses/448018/lectures/8620520
18;TypeScript;2;Manipolazione dati e immutabilità; classes,-ereditarietà-e-lexical-this-(6:41); Classes, Ereditarietà e lexical this (6:41);6:41;https://fabiobiondi.teachable.com/courses/448018/lectures/6878162
19;TypeScript;3;imports and modules; creazione-progetto-es6-con-webserver-e-npm-(3:01); Creazione progetto ES6 con webserver e npm (3:01);3:01;https://fabiobiondi.teachable.com/courses/448018/lectures/8621634
20;TypeScript;3;imports and modules;" hello-es6:-il-tag-""script""-(1:38)";" Hello ES6: il tag ""script"" (1:38)";1:38;https://fabiobiondi.teachable.com/courses/448018/lectures/8621630
21;TypeScript;3;imports and modules;" import-modules-e-type=""module""-(5:34)";" Import modules e type=""module"" (5:34)";5:34;https://fabiobiondi.teachable.com/courses/448018/lectures/8621632
22;TypeScript;3;imports and modules; import-as-(1:56); Import as (1:56);1:56;https://fabiobiondi.teachable.com/courses/448018/lectures/8621628
23;TypeScript;3;imports and modules; import-default-(5:23); Import default (5:23);5:23;https://fabiobiondi.teachable.com/courses/448018/lectures/8621731
24;TypeScript;4;Video by Andrea Simone Costa; promises-(8:39); Promises (8:39);8:39;https://fabiobiondi.teachable.com/courses/448018/lectures/8624595
25;TypeScript;4;Video by Andrea Simone Costa; fetch:-comunicazione-con-il-server-(2:53); Fetch: comunicazione con il server (2:53);2:53;https://fabiobiondi.teachable.com/courses/448018/lectures/8698077
26;TypeScript;4;Video by Andrea Simone Costa; async-await-(2:31); Async Await (2:31);2:31;https://fabiobiondi.teachable.com/courses/448018/lectures/8698079
27;TypeScript;5;TypeScript: fundamentals; introduzione-a-typescript-(1:29); Introduzione a TypeScript (1:29);1:29;https://fabiobiondi.teachable.com/courses/448018/lectures/23743401
28;TypeScript;5;TypeScript: fundamentals; utilizzare-il-mio-playground-typescript-(3:45); Utilizzare il mio playground TypeScript (3:45);3:45;https://fabiobiondi.teachable.com/courses/448018/lectures/23743194
29;TypeScript;5;TypeScript: fundamentals; utilizzare-on-line-playground:-stackblitz-(3:19); Utilizzare on-line playground: StackBlitz (3:19);3:19;https://fabiobiondi.teachable.com/courses/448018/lectures/23743190
30;TypeScript;5;TypeScript: fundamentals; inferenza-in-typescript-(2:36); Inferenza in TypeScript (2:36);2:36;https://fabiobiondi.teachable.com/courses/448018/lectures/23743197
31;TypeScript;5;TypeScript: fundamentals; primitives-types-(4:17); Primitives Types (4:17);4:17;https://fabiobiondi.teachable.com/courses/448018/lectures/23743193
32;TypeScript;5;TypeScript: fundamentals; tipizzare-oggetti-usando-interface-e-gestione-proprietà-opzionali-(5:55); Tipizzare oggetti usando interface e gestione proprietà opzionali (5:55);5:55;https://fabiobiondi.teachable.com/courses/448018/lectures/23743195
33;TypeScript;5;TypeScript: fundamentals; tipizzare-oggetti-complessi-(4:14); Tipizzare oggetti complessi (4:14);4:14;https://fabiobiondi.teachable.com/courses/448018/lectures/23743191
34;TypeScript;5;TypeScript: fundamentals; tipizzare-array-(3:15); Tipizzare array (3:15);3:15;https://fabiobiondi.teachable.com/courses/448018/lectures/23743192
35;TypeScript;5;TypeScript: fundamentals; utilizzo-di-class-e-type-per-la-tipizzazione-(6:15); Utilizzo di class e type per la tipizzazione (6:15);6:15;https://fabiobiondi.teachable.com/courses/448018/lectures/23743196
36;TypeScript;5;TypeScript: fundamentals; classi:-private-vs-public-(1:41); Classi: private vs public (1:41);1:41;https://fabiobiondi.teachable.com/courses/448018/lectures/23743199
37;TypeScript;5;TypeScript: fundamentals; classi:-getter-&-setter-(3:42); Classi: getter & setter (3:42);3:42;https://fabiobiondi.teachable.com/courses/448018/lectures/23743198
38;TypeScript;5;TypeScript: fundamentals; tipizzare-funzioni-(5:02); Tipizzare funzioni (5:02);5:02;https://fabiobiondi.teachable.com/courses/448018/lectures/23743444
39;TypeScript;5;TypeScript: fundamentals; type,-literals-e-introduzione-a-union-types-(1:56); Type, literals e introduzione a Union types (1:56);1:56;https://fabiobiondi.teachable.com/courses/448018/lectures/23743283
40;Angular;6;Panoramica; introduzione-al-corso-(4:44); Introduzione al corso (4:44);4:44;https://fabiobiondi.teachable.com/courses/441059/lectures/8524050
41;Angular;6;Panoramica; gli-argomenti-del-corso-in-dettaglio-(5:03); Gli argomenti del corso in dettaglio (5:03);5:03;https://fabiobiondi.teachable.com/courses/441059/lectures/6833314
42;Angular;6;Panoramica; single-page-applications-e-approccio-component-based-(14:37); Single Page Applications e approccio component-based (14:37);14:37;https://fabiobiondi.teachable.com/courses/441059/lectures/6762939
43;Angular;6;Panoramica; angular-framework:-le-funzionalità-principali-(17:17); Angular Framework: le funzionalità principali (17:17);17:17;https://fabiobiondi.teachable.com/courses/441059/lectures/6762950
44;Angular;6;Panoramica; gruppo-facebook,-supporto-e-link; Gruppo Facebook, supporto e Link;00:00;https://fabiobiondi.teachable.com/courses/441059/lectures/8941746
45;Angular;7;Installazione e configurazione; installazione-e-utilizzo-di-nodejs-e-nvm-(4:16); Installazione e utilizzo di NodeJS e NVM (4:16);4:16;https://fabiobiondi.teachable.com/courses/441059/lectures/6761849
46;Angular;7;Installazione e configurazione; installare-angular-cli-e-creare-un-progetto-angular-(2:34); Installare Angular CLI e creare un progetto Angular (2:34);2:34;https://fabiobiondi.teachable.com/courses/441059/lectures/6761850
47;Angular;7;Installazione e configurazione; introduzione-al-boilerplate-(2:05); Introduzione al boilerplate (2:05);2:05;https://fabiobiondi.teachable.com/courses/441059/lectures/6761853
48;Angular;7;Installazione e configurazione; appcomponent-e-appmodule:-parte-1---intro-(3:50); AppComponent e AppModule: parte 1 - intro (3:50);3:50;https://fabiobiondi.teachable.com/courses/441059/lectures/6761860
49;Angular;7;Installazione e configurazione; appcomponent-e-appmodule:-parte-2---code-(3:44); AppComponent e AppModule: parte 2 - code (3:44);3:44;https://fabiobiondi.teachable.com/courses/441059/lectures/6768290
50;Angular;7;Installazione e configurazione; ng-new:-parametri-(1:59); ng new: parametri (1:59);1:59;https://fabiobiondi.teachable.com/courses/441059/lectures/6768268
51;Angular;7;Installazione e configurazione; update-angular-10:-leggere-per-evitare-warning-(1:33); UPDATE ANGULAR 10: leggere per evitare warning (1:33);1:33;https://fabiobiondi.teachable.com/courses/441059/lectures/22502348
52;Angular;8;Fundamentals; interpolation-{{value}}-(1:10); Interpolation {{value}} (1:10);1:10;https://fabiobiondi.teachable.com/courses/441059/lectures/6758655
53;Angular;8;Fundamentals; native-events:-mouse-e-tastiera-(5:48); Native events: mouse e tastiera (5:48);5:48;https://fabiobiondi.teachable.com/courses/441059/lectures/6758684
54;Angular;8;Fundamentals; directives-(5:19); Directives (5:19);5:19;https://fabiobiondi.teachable.com/courses/441059/lectures/6758732
55;Angular;8;Fundamentals; attributi-e-parentesi-quadre-(brackets)-(6:29); Attributi e parentesi quadre (brackets) (6:29);6:29;https://fabiobiondi.teachable.com/courses/441059/lectures/6758851
56;Angular;8;Fundamentals; components-(5:07); Components (5:07);5:07;https://fabiobiondi.teachable.com/courses/441059/lectures/6760703
57;Angular;8;Fundamentals; pipes-(5:17); Pipes (5:17);5:17;https://fabiobiondi.teachable.com/courses/441059/lectures/6760557
58;Angular;8;Fundamentals; custom-types-(5:46); Custom Types (5:46);5:46;https://fabiobiondi.teachable.com/courses/441059/lectures/6760583
59;Angular;8;Fundamentals; introduzione-ai-service-e-alla-dependency-injection-(3:52); Introduzione ai service e alla dependency injection (3:52);3:52;https://fabiobiondi.teachable.com/courses/441059/lectures/6758779
60;Angular;8;Fundamentals; comunicazione-con-server,-rest-api-e-httpclient-(5:03); Comunicazione con server, REST API e HttpClient (5:03);5:03;https://fabiobiondi.teachable.com/courses/441059/lectures/6760608
61;Angular;9;Angular Structural Directives; la-direttiva-ngif-e-l'opzione-ngif...else-(6:02); La direttiva ngIf e l'opzione ngIf...else (6:02);6:02;https://fabiobiondi.teachable.com/courses/441059/lectures/6774988
62;Angular;9;Angular Structural Directives; la-direttiva-ngfor:-introduzione-e-tipizzare-collezioni-(6:59); La direttiva ngFor: introduzione e tipizzare collezioni (6:59);6:59;https://fabiobiondi.teachable.com/courses/441059/lectures/6775041
63;Angular;9;Angular Structural Directives; la-direttiva-ngfor:-proprietà-index,-last,-odd-(3:30); La direttiva ngFor: proprietà index, last, odd (3:30);3:30;https://fabiobiondi.teachable.com/courses/441059/lectures/6775090
64;Angular;9;Angular Structural Directives; la-direttiva-ngfor:-manipolazione-dati-(5:58); La direttiva ngFor: manipolazione dati (5:58);5:58;https://fabiobiondi.teachable.com/courses/441059/lectures/6775096
65;Angular;9;Angular Structural Directives; la-direttiva-ngswitch-(4:53); La direttiva ngSwitch (4:53);4:53;https://fabiobiondi.teachable.com/courses/441059/lectures/6775098
66;Angular;10;Styling; styles-and-components-(4:06); Styles and Components (4:06);4:06;https://fabiobiondi.teachable.com/courses/441059/lectures/6774991
67;Angular;10;Styling; inline-css-class-(2:08); Inline CSS class (2:08);2:08;https://fabiobiondi.teachable.com/courses/441059/lectures/6775023
68;Angular;10;Styling; la-direttiva-ngclass-(3:15); La direttiva ngClass (3:15);3:15;https://fabiobiondi.teachable.com/courses/441059/lectures/6775014
69;Angular;10;Styling; inline-styling-(3:27); Inline Styling (3:27);3:27;https://fabiobiondi.teachable.com/courses/441059/lectures/6775027
70;Angular;10;Styling; la-direttiva-ngstyle-(1:50); La direttiva ngStyle (1:50);1:50;https://fabiobiondi.teachable.com/courses/441059/lectures/6775042
71;Angular;10;Styling; librerie-css-3rd-party-e-angular.json-(6:12); Librerie CSS 3rd party e angular.json (6:12);6:12;https://fabiobiondi.teachable.com/courses/441059/lectures/6776213
72;Angular;11;Template-driven Form;" input,-""template-reference-variables"",-keyboard-events-(7:25)";" Input, ""template reference variables"", keyboard events (7:25)";7:25;https://fabiobiondi.teachable.com/courses/441059/lectures/6775043
73;Angular;11;Template-driven Form; la-direttiva-ngmodel:-1way-vs-2-way-binding-(5:49); La direttiva ngModel: 1way vs 2 way binding (5:49);5:49;https://fabiobiondi.teachable.com/courses/441059/lectures/6775050
74;Angular;11;Template-driven Form; ngform,-ngmodel-e-gestione-data-model-(13:50); ngForm, ngModel e gestione data model (13:50);13:50;https://fabiobiondi.teachable.com/courses/441059/lectures/6775060
75;Angular;11;Template-driven Form; form-validation-(8:19); Form Validation (8:19);8:19;https://fabiobiondi.teachable.com/courses/441059/lectures/6775069
76;Angular;11;Template-driven Form; form,-validazione-e-gestione-errori-(4:09); Form, validazione e gestione errori (4:09);4:09;https://fabiobiondi.teachable.com/courses/441059/lectures/6775087
77;Angular;12;Custom components; hello-components-(5:52); Hello Components (5:52);5:52;https://fabiobiondi.teachable.com/courses/441059/lectures/6776260
78;Angular;12;Custom components; input-properties-(2:32); Input Properties (2:32);2:32;https://fabiobiondi.teachable.com/courses/441059/lectures/6776309
79;Angular;12;Custom components; content-projection-(7:35); Content Projection (7:35);7:35;https://fabiobiondi.teachable.com/courses/441059/lectures/6776338
80;Angular;12;Custom components;" componenti-""stateful""-e-input-default-value-(2:32)";" Componenti ""stateful"" e Input default value (2:32)";2:32;https://fabiobiondi.teachable.com/courses/441059/lectures/8488630
81;Angular;12;Custom components; @output-event-emitter:-realizzare-un-tabbar-component-riutilizzabile-(24:10); @Output event emitter: realizzare un TabBar component riutilizzabile (24:10);24:10;https://fabiobiondi.teachable.com/courses/441059/lectures/6788992
82;Angular;12;Custom components; lifecycle-hook:-ngoninit-(9:23); Lifecycle hook: ngOnInit (9:23);9:23;https://fabiobiondi.teachable.com/courses/441059/lectures/6821010
83;Angular;12;Custom components; lifecycle-hook:-onchange-(5:20); Lifecycle Hook: onChange (5:20);5:20;https://fabiobiondi.teachable.com/courses/441059/lectures/6821012
84;Angular;12;Custom components; changedetectionstrategy,-changedetectorref-e-stato-immutabile:-ottimizzazione-performance-e-controllo-del-rendering-(14:45); ChangeDetectionStrategy, ChangeDetectorRef e stato immutabile: ottimizzazione performance e controllo del rendering (14:45);14:45;https://fabiobiondi.teachable.com/courses/441059/lectures/6839347
85;Angular;13;BrowserAnimationModule: animazioni in Angular; animated-collapsable-panel:-trigger,-style,-state-e-animate-(11:37); Animated Collapsable Panel: trigger, style, state e animate (11:37);11:37;https://fabiobiondi.teachable.com/courses/441059/lectures/8430354
86;Angular;13;BrowserAnimationModule: animazioni in Angular; animated-tabbar:-animations-e-ciclo-di-vita-dei-componenti-(15:58); Animated TabBar: animations e ciclo di vita dei componenti (15:58);15:58;https://fabiobiondi.teachable.com/courses/441059/lectures/8430359
87;Angular;13;BrowserAnimationModule: animazioni in Angular; animated-text:-gestire-gli-eventi-delle-animation-(14:02); Animated Text: gestire gli eventi delle animation (14:02);14:02;https://fabiobiondi.teachable.com/courses/441059/lectures/8430366
88;Angular;14;Multi-view applications con Angular Router; introduzione-ad-angular-router-(2:03); Introduzione ad angular router (2:03);2:03;https://fabiobiondi.teachable.com/courses/441059/lectures/6782691
89;Angular;14;Multi-view applications con Angular Router; utilizzo-di-angular-router-e-creazione-componenti-con-angular-cli-(6:15); Utilizzo di Angular Router e creazione componenti con Angular CLI (6:15);6:15;https://fabiobiondi.teachable.com/courses/441059/lectures/6776409
90;Angular;14;Multi-view applications con Angular Router; navigation-bar-(5:33); Navigation Bar (5:33);5:33;https://fabiobiondi.teachable.com/courses/441059/lectures/6776413
91;Angular;14;Multi-view applications con Angular Router; angularcli-ei-il-modulo-approutingmodule-(5:13); AngularCLI ei il modulo AppRoutingModule (5:13);5:13;https://fabiobiondi.teachable.com/courses/441059/lectures/6952522
92;Angular;14;Multi-view applications con Angular Router; passaggio-parametri-e-activatedroute-(8:30); Passaggio parametri e ActivatedRoute (8:30);8:30;https://fabiobiondi.teachable.com/courses/441059/lectures/6796003
93;Angular;14;Multi-view applications con Angular Router; activatedroute-e-router-api-(6:23); ActivatedRoute e Router API (6:23);6:23;https://fabiobiondi.teachable.com/courses/441059/lectures/6796006
94;Angular;14;Multi-view applications con Angular Router; eventi-del-router-&-rxjs-operators-(4:50); Eventi del router & RxJS operators (4:50);4:50;https://fabiobiondi.teachable.com/courses/441059/lectures/6796007
95;Angular;15;Comunicazione con il server; configurare-un-mock-server:-json-server-(5:13); Configurare un mock server: json-server (5:13);5:13;https://fabiobiondi.teachable.com/courses/441059/lectures/6776551
96;Angular;15;Comunicazione con il server; get:-caricamento-dati-da-rest-api-e-custom-types-(9:30); GET: Caricamento dati da REST API e custom types (9:30);9:30;https://fabiobiondi.teachable.com/courses/441059/lectures/6776571
97;Angular;15;Comunicazione con il server; delete:-cancellazione-elementi-e-gestione-errori-xhr-(8:39); DELETE: Cancellazione elementi e gestione errori XHR (8:39);8:39;https://fabiobiondi.teachable.com/courses/441059/lectures/6776604
98;Angular;15;Comunicazione con il server; dynamic-styles-e-migliorare-il-look-&-feel-(7:45); Dynamic styles e migliorare il look & feel (7:45);7:45;https://fabiobiondi.teachable.com/courses/441059/lectures/6776694
99;Angular;15;Comunicazione con il server; post:-aggiungere-elementi-alla-collezione-tramite-form-(9:55); POST: Aggiungere elementi alla collezione tramite form (9:55);9:55;https://fabiobiondi.teachable.com/courses/441059/lectures/6776609
100;Angular;15;Comunicazione con il server; put-e-patch:-aggiornare-un-elemento-(13:34); PUT e PATCH: aggiornare un elemento (13:34);13:34;https://fabiobiondi.teachable.com/courses/441059/lectures/6776702
101;Angular;16;Dependency Injection; dependency-injection,-injector-e-providers-(6:01); Dependency Injection, injector e providers (6:01);6:01;https://fabiobiondi.teachable.com/courses/441059/lectures/6782564
102;Angular;16;Dependency Injection;" condividere-dati-utilizzando-i-""service""-(8:43)";" Condividere dati utilizzando i ""Service"" (8:43)";8:43;https://fabiobiondi.teachable.com/courses/441059/lectures/6782552
103;Angular;16;Dependency Injection; service,-rest-api-e-decoratore-@injectable-(10:57); Service, REST API e decoratore @injectable (10:57);10:57;https://fabiobiondi.teachable.com/courses/441059/lectures/6782557
104;Angular;16;Dependency Injection; gestire-lo-stato-applicativo-(5:49); Gestire lo stato applicativo (5:49);5:49;https://fabiobiondi.teachable.com/courses/441059/lectures/6782558
105;Angular;17;Applicazioni modulari, approfondimento router e lazy loading; moduli:-introduzione-(8:23); Moduli: introduzione (8:23);8:23;https://fabiobiondi.teachable.com/courses/441059/lectures/8632150
106;Angular;17;Applicazioni modulari, approfondimento router e lazy loading; applicazioni-modulari-(5:38); Applicazioni Modulari (5:38);5:38;https://fabiobiondi.teachable.com/courses/441059/lectures/8622526
107;Angular;17;Applicazioni modulari, approfondimento router e lazy loading; es6-modules-vs-ngmodules-(2:21); es6 modules vs ngModules (2:21);2:21;https://fabiobiondi.teachable.com/courses/441059/lectures/8625952
108;Angular;17;Applicazioni modulari, approfondimento router e lazy loading; feature-modules-(10:12); Feature Modules (10:12);10:12;https://fabiobiondi.teachable.com/courses/441059/lectures/8622208
109;Angular;17;Applicazioni modulari, approfondimento router e lazy loading; shared-modules-(11:25); Shared Modules (11:25);11:25;https://fabiobiondi.teachable.com/courses/441059/lectures/8622200
110;Angular;17;Applicazioni modulari, approfondimento router e lazy loading; core-module-(3:56); Core Module (3:56);3:56;https://fabiobiondi.teachable.com/courses/441059/lectures/8622207
111;Angular;17;Applicazioni modulari, approfondimento router e lazy loading; update-angular-9:-nuova-sintassi-per-gli-import-lazy-dei-moduli; UPDATE Angular 9: nuova sintassi per gli import lazy dei moduli;00:00;https://fabiobiondi.teachable.com/courses/441059/lectures/15266073
112;Angular;17;Applicazioni modulari, approfondimento router e lazy loading; router-&-lazy-loading-(11:56); Router & Lazy Loading (11:56);11:56;https://fabiobiondi.teachable.com/courses/441059/lectures/8622211
113;Angular;17;Applicazioni modulari, approfondimento router e lazy loading; moduli-e-route-di-secondo-livello-(5:54); Moduli e route di secondo livello (5:54);5:54;https://fabiobiondi.teachable.com/courses/441059/lectures/8632770
114;Angular;17;Applicazioni modulari, approfondimento router e lazy loading; router-children-e-router-outlet-secondario-(5:34); Router children e router-outlet secondario (5:34);5:34;https://fabiobiondi.teachable.com/courses/441059/lectures/8632812
115;Angular;17;Applicazioni modulari, approfondimento router e lazy loading; update-angular-8/9:-lazy-loading-&-dynamic-imports-(3:41); UPDATE ANGULAR 8/9: lazy loading & dynamic imports (3:41);3:41;https://fabiobiondi.teachable.com/courses/441059/lectures/10452670
116;Angular;18;Build & Deploy; creare-la-build-del-progetto-e-installare-un-webserver-locale-(3:09); Creare la build del progetto e installare un webserver locale (3:09);3:09;https://fabiobiondi.teachable.com/courses/441059/lectures/6782569
117;Angular;18;Build & Deploy; ottimizzazione-build,-production-e-tree-shaking-(2:41); Ottimizzazione build, production e tree shaking (2:41);2:41;https://fabiobiondi.teachable.com/courses/441059/lectures/6844488
118;Angular;18;Build & Deploy; deploy-delle-applicazioni-su-surge.sh-(2:37); Deploy delle applicazioni su Surge.sh (2:37);2:37;https://fabiobiondi.teachable.com/courses/441059/lectures/6782573
119;Angular;18;Build & Deploy; pubblicare-un'applicazione-angular-su-surge.sh-(0:54); Pubblicare un'applicazione Angular su Surge.sh (0:54);0:54;https://fabiobiondi.teachable.com/courses/441059/lectures/6844492
120;Angular;18;Build & Deploy; environment-variables:-production-vs-development-(5:44); environment variables: production vs development (5:44);5:44;https://fabiobiondi.teachable.com/courses/441059/lectures/6782567
121;Angular;19;Live Coding / SPA: Hotel-Booking App; video-demo-dell'applicazione-(0:20); Video demo dell'applicazione (0:20);0:20;https://fabiobiondi.teachable.com/courses/441059/lectures/8463126
122;Angular;19;Live Coding / SPA: Hotel-Booking App; parte-1:-sviluppo-applicazione; PARTE 1: SVILUPPO APPLICAZIONE;00:00;https://fabiobiondi.teachable.com/courses/441059/lectures/8622514
123;Angular;19;Live Coding / SPA: Hotel-Booking App; layout-statico-html-con-css-grid-(+-source-code)-(8:37); Layout statico HTML con CSS Grid (+ source code) (8:37);8:37;https://fabiobiondi.teachable.com/courses/441059/lectures/8467513
124;Angular;19;Live Coding / SPA: Hotel-Booking App; creazione-progetto,-gestione-router-e-impaginazione-layout-(11:36); Creazione progetto, gestione router e impaginazione layout (11:36);11:36;https://fabiobiondi.teachable.com/courses/441059/lectures/8467516
125;Angular;19;Live Coding / SPA: Hotel-Booking App; server-rest,-comunicazione-server,-model,-gestione-form-e-visualizzazione-risultati-(23:21); Server REST, comunicazione server, model, gestione form e visualizzazione risultati (23:21);23:21;https://fabiobiondi.teachable.com/courses/441059/lectures/8467523
126;Angular;19;Live Coding / SPA: Hotel-Booking App; card-component-e-pipe:-image-gallery,-forms,-maps,-rate,-...-(34:35); Card component e pipe: image gallery, forms, maps, rate, ... (34:35);34:35;https://fabiobiondi.teachable.com/courses/441059/lectures/8467515
127;Angular;19;Live Coding / SPA: Hotel-Booking App; gestione-del-carrello-(19:26); Gestione del carrello (19:26);19:26;https://fabiobiondi.teachable.com/courses/441059/lectures/8467522
128;Angular;19;Live Coding / SPA: Hotel-Booking App;" autenticazione,-""sicurezza""-router-utilizzando-le-guardie-e-protezione-dom-(25:59)";" Autenticazione, ""sicurezza"" router utilizzando le guardie e protezione DOM (25:59)";25:59;https://fabiobiondi.teachable.com/courses/441059/lectures/8468138
129;Angular;19;Live Coding / SPA: Hotel-Booking App; parte-2:-approccio-component-based; PARTE 2: APPROCCIO COMPONENT-BASED;00:00;https://fabiobiondi.teachable.com/courses/441059/lectures/8622515
130;Angular;19;Live Coding / SPA: Hotel-Booking App; approccio-component-based---part-1:-hotel-form,-hotel-list-e-shared-components-(16:42); Approccio component-based - PART 1: hotel-form, hotel-list e shared components (16:42);16:42;https://fabiobiondi.teachable.com/courses/441059/lectures/8482231
131;Angular;19;Live Coding / SPA: Hotel-Booking App; approccio-component-based---part-2:-i-componenti-rimanenti-(16:57); Approccio component-based - PART 2: i componenti rimanenti (16:57);16:57;https://fabiobiondi.teachable.com/courses/441059/lectures/8508416
132;Angular;19;Live Coding / SPA: Hotel-Booking App; approccio-component-based---part-3:-card-component-flessibile-e-riutilizzabile-(hostbinding)-(17:02); Approccio component-based - PART 3: card component flessibile e riutilizzabile (HostBinding) (17:02);17:02;https://fabiobiondi.teachable.com/courses/441059/lectures/8508418
133;Angular;19;Live Coding / SPA: Hotel-Booking App; gestire-il-caso-in-cui-il-risultato-della-ricerca-non-produca-risultati-(4:08); Gestire il caso in cui il risultato della ricerca non produca risultati (4:08);4:08;https://fabiobiondi.teachable.com/courses/441059/lectures/8560573
134;Angular;19;Live Coding / SPA: Hotel-Booking App; parte-3:-moduli-e-lazy-loading; PARTE 3: MODULI e LAZY LOADING;00:00;https://fabiobiondi.teachable.com/courses/441059/lectures/8622517
135;Angular;19;Live Coding / SPA: Hotel-Booking App; shared-module-(5:57); Shared Module (5:57);5:57;https://fabiobiondi.teachable.com/courses/441059/lectures/8622521
136;Angular;19;Live Coding / SPA: Hotel-Booking App; core-module-(5:34); Core Module (5:34);5:34;https://fabiobiondi.teachable.com/courses/441059/lectures/8622520
137;Angular;19;Live Coding / SPA: Hotel-Booking App; features-modules-(6:19); Features Modules (6:19);6:19;https://fabiobiondi.teachable.com/courses/441059/lectures/8622522
138;Angular;19;Live Coding / SPA: Hotel-Booking App; update-angular-9:-leggere; UPDATE Angular 9: leggere;00:00;https://fabiobiondi.teachable.com/courses/441059/lectures/15517869
139;Angular;19;Live Coding / SPA: Hotel-Booking App; router-&-lazy-loading-(21:06); Router & Lazy Loading (21:06);21:06;https://fabiobiondi.teachable.com/courses/441059/lectures/8622228
140;Angular;19;Live Coding / SPA: Hotel-Booking App; note-finali; NOTE FINALI;00:00;https://fabiobiondi.teachable.com/courses/441059/lectures/15518066
141;Angular;19;Live Coding / SPA: Hotel-Booking App; download-source-code; Download Source Code;00:00;https://fabiobiondi.teachable.com/courses/441059/lectures/8891997
142;Angular;20;Live Coding / Crud APP: approccio component-based, gestione stato & Best Practices; demo-dell'applicazione-(0:11); Demo dell'applicazione (0:11);0:11;https://fabiobiondi.teachable.com/courses/441059/lectures/6788997
143;Angular;20;Live Coding / Crud APP: approccio component-based, gestione stato & Best Practices; creazione-progetto,-tslint,-installazione-dipendenze-e-mock-server-(9:46); Creazione progetto, TSLint, installazione dipendenze e Mock Server (9:46);9:46;https://fabiobiondi.teachable.com/courses/441059/lectures/6801508
144;Angular;20;Live Coding / Crud APP: approccio component-based, gestione stato & Best Practices;" creare-""features-components""-da-angular-cli-e-gestione-router-(4:04)";" Creare ""features components"" da Angular-CLI e gestione router (4:04)";4:04;https://fabiobiondi.teachable.com/courses/441059/lectures/6801527
145;Angular;20;Live Coding / Crud APP: approccio component-based, gestione stato & Best Practices; get-e-delete:-visualizzazione-e-cancellazione-dati-dal-server-(7:40); GET e DELETE: visualizzazione e cancellazione dati dal server (7:40);7:40;https://fabiobiondi.teachable.com/courses/441059/lectures/6801529
146;Angular;20;Live Coding / Crud APP: approccio component-based, gestione stato & Best Practices; put,-patch-e-post:-modifica-e-inserimento-dati-(17:34); PUT, PATCH e POST: modifica e inserimento dati (17:34);17:34;https://fabiobiondi.teachable.com/courses/441059/lectures/6801540
147;Angular;20;Live Coding / Crud APP: approccio component-based, gestione stato & Best Practices; download-source-code; Download Source Code;00:00;https://fabiobiondi.teachable.com/courses/441059/lectures/8892455
148;Angular;20;Live Coding / Crud APP: approccio component-based, gestione stato & Best Practices; organizzare-il-layout-in-componenti:-cataloglist-(8:05); Organizzare il layout in componenti: CatalogList (8:05);8:05;https://fabiobiondi.teachable.com/courses/441059/lectures/6788999
149;Angular;20;Live Coding / Crud APP: approccio component-based, gestione stato & Best Practices; organizzare-il-layout-in-componenti:-catalogform-(14:20); Organizzare il layout in componenti: CatalogForm (14:20);14:20;https://fabiobiondi.teachable.com/courses/441059/lectures/6823977
150;Angular;20;Live Coding / Crud APP: approccio component-based, gestione stato & Best Practices; metodo-onchanges-del-ciclo-di-vita-dei-componenti-e-decoratore-@viewchild-(9:17); Metodo onChanges del ciclo di vita dei componenti e decoratore @ViewChild (9:17);9:17;https://fabiobiondi.teachable.com/courses/441059/lectures/6821476
151;Angular;20;Live Coding / Crud APP: approccio component-based, gestione stato & Best Practices; download-source-code; Download Source Code;00:00;https://fabiobiondi.teachable.com/courses/441059/lectures/8892452
152;Angular;20;Live Coding / Crud APP: approccio component-based, gestione stato & Best Practices; organizzazione-dell'applicazione-in-services-(5:36); Organizzazione dell'applicazione in services (5:36);5:36;https://fabiobiondi.teachable.com/courses/441059/lectures/6821023
153;Angular;20;Live Coding / Crud APP: approccio component-based, gestione stato & Best Practices; gestire-lo-stato-applicativo-(8:18); Gestire lo stato applicativo (8:18);8:18;https://fabiobiondi.teachable.com/courses/441059/lectures/6782559
154;Angular;20;Live Coding / Crud APP: approccio component-based, gestione stato & Best Practices; download-source-code; Download Source Code;00:00;https://fabiobiondi.teachable.com/courses/441059/lectures/8892484
155;Angular;20;Live Coding / Crud APP: approccio component-based, gestione stato & Best Practices; nested-components:-componenti-dentro-componenti-(5:12); Nested Components: componenti dentro componenti (5:12);5:12;https://fabiobiondi.teachable.com/courses/441059/lectures/6825072
156;Angular;20;Live Coding / Crud APP: approccio component-based, gestione stato & Best Practices; shared-components:-componenti-riutilizzabili-(9:35); Shared components: componenti riutilizzabili (9:35);9:35;https://fabiobiondi.teachable.com/courses/441059/lectures/6821154
157;Angular;20;Live Coding / Crud APP: approccio component-based, gestione stato & Best Practices; core-components:-navigation-bar-e-router-(4:17); Core Components: Navigation bar e router (4:17);4:17;https://fabiobiondi.teachable.com/courses/441059/lectures/6821152
158;Angular;20;Live Coding / Crud APP: approccio component-based, gestione stato & Best Practices; download-source-code; Download Source Code;00:00;https://fabiobiondi.teachable.com/courses/441059/lectures/8892523
159;Angular;21;Live Coding / REALTIME APP con Firebase : creare un remote controller per controllare un viewer di slides;" demo-dell'applicazione-""remote-controller""-(0:18)";" Demo dell'applicazione ""remote controller"" (0:18)";0:18;https://fabiobiondi.teachable.com/courses/441059/lectures/6952824
160;Angular;21;Live Coding / REALTIME APP con Firebase : creare un remote controller per controllare un viewer di slides; creazione-progetto-con-router-(3:24); Creazione progetto con router (3:24);3:24;https://fabiobiondi.teachable.com/courses/441059/lectures/8437825
161;Angular;21;Live Coding / REALTIME APP con Firebase : creare un remote controller per controllare un viewer di slides; admin:-creazione-layout-statico---html-+-css-(16:21); ADMIN: Creazione layout statico - HTML + CSS (16:21);16:21;https://fabiobiondi.teachable.com/courses/441059/lectures/8438516
162;Angular;21;Live Coding / REALTIME APP con Firebase : creare un remote controller per controllare un viewer di slides; viewer:-creazione-layout-statico---html-+-css-(1:48); VIEWER: Creazione layout statico - HTML + CSS (1:48);1:48;https://fabiobiondi.teachable.com/courses/441059/lectures/8438529
163;Angular;21;Live Coding / REALTIME APP con Firebase : creare un remote controller per controllare un viewer di slides; introduzione-a-firebase-(3:22); Introduzione a Firebase (3:22);3:22;https://fabiobiondi.teachable.com/courses/441059/lectures/6930076
164;Angular;21;Live Coding / REALTIME APP con Firebase : creare un remote controller per controllare un viewer di slides; angularfire:-installazione-e-configurazione-(4:09); AngularFire: installazione e configurazione (4:09);4:09;https://fabiobiondi.teachable.com/courses/441059/lectures/6930093
165;Angular;21;Live Coding / REALTIME APP con Firebase : creare un remote controller per controllare un viewer di slides; controller:-creazione-della-galleria-immagini-realtime-in-firebase-(19:31); CONTROLLER: Creazione della galleria immagini realtime in Firebase (19:31);19:31;https://fabiobiondi.teachable.com/courses/441059/lectures/6930096
166;Angular;21;Live Coding / REALTIME APP con Firebase : creare un remote controller per controllare un viewer di slides; controller:-controllare-le-slide-(7:24); CONTROLLER: controllare le slide (7:24);7:24;https://fabiobiondi.teachable.com/courses/441059/lectures/6930086
167;Angular;21;Live Coding / REALTIME APP con Firebase : creare un remote controller per controllare un viewer di slides; viewer:-visualizzazione-delle-immagini-realtime-(3:05); VIEWER: visualizzazione delle immagini realtime (3:05);3:05;https://fabiobiondi.teachable.com/courses/441059/lectures/6930089
168;Angular;21;Live Coding / REALTIME APP con Firebase : creare un remote controller per controllare un viewer di slides; viewer:-bug-fix-(9:29); VIEWER: bug fix (9:29);9:29;https://fabiobiondi.teachable.com/courses/441059/lectures/6930091
169;Angular;21;Live Coding / REALTIME APP con Firebase : creare un remote controller per controllare un viewer di slides; viewer:-aggiungere-le-animazioni-(8:44); VIEWER: aggiungere le animazioni (8:44);8:44;https://fabiobiondi.teachable.com/courses/441059/lectures/6930087
170;Angular;21;Live Coding / REALTIME APP con Firebase : creare un remote controller per controllare un viewer di slides; viewer:-animation-bug-fix; VIEWER: animation bug fix;00:00;https://fabiobiondi.teachable.com/courses/441059/lectures/8697873
171;Angular;21;Live Coding / REALTIME APP con Firebase : creare un remote controller per controllare un viewer di slides; testare-l'applicazione-da-un-dispositivo-mobile-tramite-rete-locale-durante-lo-sviluppo:-ng-serve---host-(1:19); Testare l'applicazione da un dispositivo mobile tramite rete locale durante lo sviluppo: ng serve --host (1:19);1:19;https://fabiobiondi.teachable.com/courses/441059/lectures/6938376
172;Angular;22;Extra; stackblitz:-editor-online-per-condividere-snippet-(3:34); StackBlitz: editor online per condividere snippet (3:34);3:34;https://fabiobiondi.teachable.com/courses/441059/lectures/8682631
173;Angular;22;Extra; introduzione-ai-reactive-forms---video-di-test-del-talk-@-codemotion-2019-(40:53); Introduzione ai Reactive Forms - Video di test del talk @ Codemotion 2019 (40:53);40:53;https://fabiobiondi.teachable.com/courses/441059/lectures/9648850
174;Angular;22;Extra; panoramica-su-typescript-3.7-&-utility-types-(14:06); Panoramica su Typescript 3.7 & Utility Types (14:06);14:06;https://fabiobiondi.teachable.com/courses/441059/lectures/13688049
175;Angular;22;Extra; ivy-&-angular-9:-dynamic-imports-and-lazy-loading-per-componenti-e-moduli-(21:29); IVY & Angular 9: dynamic Imports and lazy loading per componenti e moduli (21:29);21:29;https://fabiobiondi.teachable.com/courses/441059/lectures/10452668
176;Angular;22;Extra; tip-per-configurare-visualstudio-code-&-migliorare-gli-auto-import-(5:02); Tip per configurare VisualStudio Code & migliorare gli Auto Import (5:02);5:02;https://fabiobiondi.teachable.com/courses/441059/lectures/14048943
177;RxJs;23;Introduzione a RxJS; introduzione-prima-parte-del-corso-su-rxjs-(teoria---articolo); Introduzione prima parte del corso su RxJS (teoria - articolo);00:00;https://fabiobiondi.teachable.com/courses/676637/lectures/12065996
178;RxJs;23;Introduzione a RxJS; premessa-(teoria---video)-(1:14); Premessa (teoria - video) (1:14);1:14;https://fabiobiondi.teachable.com/courses/676637/lectures/12065997
179;RxJs;23;Introduzione a RxJS; introduzione-a-rxjs-(3:10); Introduzione a RxJS (3:10);3:10;https://fabiobiondi.teachable.com/courses/676637/lectures/12065998
180;RxJs;23;Introduzione a RxJS; imperative-vs-reactive-programming-(9:25); Imperative vs Reactive Programming (9:25);9:25;https://fabiobiondi.teachable.com/courses/676637/lectures/12065999
181;RxJs;23;Introduzione a RxJS; rxjs-is-smart:-preview-operatori-throttletime-&-scan-(2:41); RxJS is smart: preview operatori throttleTime & scan (2:41);2:41;https://fabiobiondi.teachable.com/courses/676637/lectures/12066000
182;RxJs;23;Introduzione a RxJS; pull-vs-push-(8:08); Pull vs Push (8:08);8:08;https://fabiobiondi.teachable.com/courses/676637/lectures/12066001
183;RxJs;23;Introduzione a RxJS;" ""next"",-""error""-e-""complete""-functions-(5:07)";" ""next"", ""error"" e ""complete"" functions (5:07)";5:07;https://fabiobiondi.teachable.com/courses/676637/lectures/12066002
184;RxJs;23;Introduzione a RxJS; subscription-e-unsubscribe-(4:56); Subscription e unsubscribe (4:56);4:56;https://fabiobiondi.teachable.com/courses/676637/lectures/12066003
185;RxJs;23;Introduzione a RxJS; operatori-di-creazione-(6:07); Operatori-di-creazione (6:07);6:07;https://fabiobiondi.teachable.com/courses/676637/lectures/12066004
186;RxJs;23;Introduzione a RxJS; pipeable-operators-(5:01); Pipeable operators (5:01);5:01;https://fabiobiondi.teachable.com/courses/676637/lectures/12066005
187;RxJs;23;Introduzione a RxJS; debug-and-tap-operator-(4:58); Debug and tap operator (4:58);4:58;https://fabiobiondi.teachable.com/courses/676637/lectures/12066006
188;RxJs;23;Introduzione a RxJS; comprendere-i-marble-diagrams-(3:41); Comprendere i marble diagrams (3:41);3:41;https://fabiobiondi.teachable.com/courses/676637/lectures/12066007
189;RxJs;23;Introduzione a RxJS; tutti-gli-esempi-del-capitolo-su-stackblitz; Tutti gli esempi del capitolo su StackBlitz;00:00;https://fabiobiondi.teachable.com/courses/676637/lectures/12066008
190;RxJs;23;Introduzione a RxJS; come-utilizzare-stackblitz-(3:34); Come utilizzare StackBlitz (3:34);3:34;https://fabiobiondi.teachable.com/courses/676637/lectures/12066009
191;RxJs;24;RxJS & Angular: esempi pratici e casi d'uso per la comunicazione con il server; intro-capitolo-(teoria---articolo); Intro Capitolo (teoria - articolo);00:00;https://fabiobiondi.teachable.com/courses/676637/lectures/12065760
192;RxJs;24;RxJS & Angular: esempi pratici e casi d'uso per la comunicazione con il server;" operatore-""map""-(5:03)";" Operatore ""map"" (5:03)";5:03;https://fabiobiondi.teachable.com/courses/676637/lectures/12065761
193;RxJs;24;RxJS & Angular: esempi pratici e casi d'uso per la comunicazione con il server;" angular-""async""-pipe-(6:08)";" Angular ""async"" pipe (6:08)";6:08;https://fabiobiondi.teachable.com/courses/676637/lectures/12065762
194;RxJs;24;RxJS & Angular: esempi pratici e casi d'uso per la comunicazione con il server;" operatore-""forkjoin""-(5:15)";" Operatore ""forkJoin"" (5:15)";5:15;https://fabiobiondi.teachable.com/courses/676637/lectures/12065763
195;RxJs;24;RxJS & Angular: esempi pratici e casi d'uso per la comunicazione con il server;" operatore-""forkjoin""-con-dictionary-(update-rxjs-6.4)";" Operatore ""ForkJoin"" con dictionary (update RxJS 6.4)";00:00;https://fabiobiondi.teachable.com/courses/676637/lectures/12065764
196;RxJs;24;RxJS & Angular: esempi pratici e casi d'uso per la comunicazione con il server;" operatore-""combinelatest""-(articolo)";" Operatore ""combineLatest"" (articolo)";00:00;https://fabiobiondi.teachable.com/courses/676637/lectures/12065765
197;RxJs;24;RxJS & Angular: esempi pratici e casi d'uso per la comunicazione con il server;" operatore-""switchmap"":-nested-xhr-(4:07)";" Operatore ""switchMap"": nested XHR (4:07)";4:07;https://fabiobiondi.teachable.com/courses/676637/lectures/12065766
198;RxJs;24;RxJS & Angular: esempi pratici e casi d'uso per la comunicazione con il server;" operatore-""switchmap""-per-iterare-sugli-array-(3:01)";" Operatore ""switchMap"" per iterare sugli array (3:01)";3:01;https://fabiobiondi.teachable.com/courses/676637/lectures/12065767
199;RxJs;24;RxJS & Angular: esempi pratici e casi d'uso per la comunicazione con il server;" operatore-""retry""-e-gestione-errori-con-l'operatore-""catcherror""-(6:38)";" Operatore ""retry"" e gestione errori con l'operatore ""catchError"" (6:38)";6:38;https://fabiobiondi.teachable.com/courses/676637/lectures/12065768
200;RxJs;24;RxJS & Angular: esempi pratici e casi d'uso per la comunicazione con il server;" operatori-""reduce""-e-""scan""-(6:00)";" Operatori ""reduce"" e ""scan"" (6:00)";6:00;https://fabiobiondi.teachable.com/courses/676637/lectures/12065769
201;RxJs;24;RxJS & Angular: esempi pratici e casi d'uso per la comunicazione con il server;" ""switchmap""-vs-""exhaustmap""-(6:14)";" ""switchmap"" vs ""exhaustmap"" (6:14)";6:14;https://fabiobiondi.teachable.com/courses/676637/lectures/12065770
202;RxJs;24;RxJS & Angular: esempi pratici e casi d'uso per la comunicazione con il server;" ""switchmap""-vs-""concatmap""-vs-""mergemap""-vs-""exhaustmap""-(4:00)";" ""switchmap"" vs ""concatmap"" vs ""mergemap"" vs ""exhaustmap"" (4:00)";4:00;https://fabiobiondi.teachable.com/courses/676637/lectures/12065771
203;RxJs;24;RxJS & Angular: esempi pratici e casi d'uso per la comunicazione con il server; esercizio-online-su-switchmap; Esercizio online su switchMap;00:00;https://fabiobiondi.teachable.com/courses/676637/lectures/12065772
204;RxJs;25;RxJS: advanced topics; operatore-defer():-lazy-observables-(5:04); Operatore defer(): lazy observables (5:04);5:04;https://fabiobiondi.teachable.com/courses/676637/lectures/12065758
205;RxJs;25;RxJS: advanced topics; creazione-operatori-custom-rxjs-(5:50); Creazione Operatori Custom RXJS (5:50);5:50;https://fabiobiondi.teachable.com/courses/676637/lectures/12065759
206;RxJs;26;RxJS & Angular: autenticazione e sicurezza; cosa-sono-i-behaviorsubject-(articolo); Cosa sono i BehaviorSubject (articolo);00:00;https://fabiobiondi.teachable.com/courses/676637/lectures/12065797
207;RxJs;26;RxJS & Angular: autenticazione e sicurezza; introduzione-al-processo-di-autenticazione-in-single-page-applications-(teoria)-(6:51); introduzione al processo di autenticazione in Single Page Applications (TEORIA) (6:51);6:51;https://fabiobiondi.teachable.com/courses/676637/lectures/12065798
208;RxJs;26;RxJS & Angular: autenticazione e sicurezza; esercizio-online-su-behaviorsubject; Esercizio online su BehaviorSubject;00:00;https://fabiobiondi.teachable.com/courses/676637/lectures/12065799
209;RxJs;26;RxJS & Angular: autenticazione e sicurezza; login-e-behaviorsubject-(7:31); Login e BehaviorSubject (7:31);7:31;https://fabiobiondi.teachable.com/courses/676637/lectures/12065800
210;RxJs;26;RxJS & Angular: autenticazione e sicurezza; auth-guard-e-rxjs-(4:32); Auth-guard e RxJS (4:32);4:32;https://fabiobiondi.teachable.com/courses/676637/lectures/12065801
211;RxJs;26;RxJS & Angular: autenticazione e sicurezza; interceptor---part1:-subject-e-getvalue-(7:59); Interceptor - part1: Subject e getvalue (7:59);7:59;https://fabiobiondi.teachable.com/courses/676637/lectures/12065802
212;RxJs;26;RxJS & Angular: autenticazione e sicurezza; interceptor---part2:-approccio-idiomatico-(3:09); Interceptor - part2: approccio idiomatico (3:09);3:09;https://fabiobiondi.teachable.com/courses/676637/lectures/12065803
213;RxJs;26;RxJS & Angular: autenticazione e sicurezza; interceptor---part3:-gestione-errori-(6:13); Interceptor - part3: gestione errori (6:13);6:13;https://fabiobiondi.teachable.com/courses/676637/lectures/12065804
214;RxJs;26;RxJS & Angular: autenticazione e sicurezza; rxjs-&-router-events-(3:55); RxJS & Router Events (3:55);3:55;https://fabiobiondi.teachable.com/courses/676637/lectures/12065805
215;RxJs;26;RxJS & Angular: autenticazione e sicurezza; live-demo-e-source-code; Live demo e source code;00:00;https://fabiobiondi.teachable.com/courses/676637/lectures/12065806
216;RxJs;27;RxJS & Angular Reactive Forms; introduzione-al-capitolo-(teoria---articolo); Introduzione al capitolo (teoria - articolo);00:00;https://fabiobiondi.teachable.com/courses/676637/lectures/12065787
217;RxJs;27;RxJS & Angular Reactive Forms; reactive-forms-vs-template-driven-forms-(8:19); Reactive Forms vs Template Driven Forms (8:19);8:19;https://fabiobiondi.teachable.com/courses/676637/lectures/12065788
218;RxJs;27;RxJS & Angular Reactive Forms; i-moduli-reactiveformsmodule-e-httpclientmodule-(0:43); I moduli ReactiveFormsModule e HttpClientModule (0:43);0:43;https://fabiobiondi.teachable.com/courses/676637/lectures/12065789
219;RxJs;27;RxJS & Angular Reactive Forms; registra-il-tuo-token-su-openweathermap; Registra il tuo token su OpenWeatherMap;00:00;https://fabiobiondi.teachable.com/courses/676637/lectures/12065790
220;RxJs;27;RxJS & Angular Reactive Forms; multiple-subscribes-(bad-practice)-(4:51); Multiple Subscribes (Bad Practice) (4:51);4:51;https://fabiobiondi.teachable.com/courses/676637/lectures/12065791
221;RxJs;27;RxJS & Angular Reactive Forms;" evitare-subscribe-multiple-con-""switchmap""-e-gestione-degli-errori-con-""catcherror""-(3:23)";" Evitare subscribe multiple con ""switchMap"" e gestione degli errori con ""catchError"" (3:23)";3:23;https://fabiobiondi.teachable.com/courses/676637/lectures/12065792
222;RxJs;27;RxJS & Angular Reactive Forms;" utilizzare-operatori-rxjs-con-i-reactive-form:-""startwith"",-""distinctuntilchanged"",-""decouncetime"",-""filter""-(4:40)";" Utilizzare operatori RxJS con i reactive form: ""startWith"", ""distinctUntilChanged"", ""decounceTime"", ""filter"" (4:40)";4:40;https://fabiobiondi.teachable.com/courses/676637/lectures/12065793
223;RxJs;27;RxJS & Angular Reactive Forms;" l'operatore-""withlatestfrom""-(7:25)";" L'operatore ""withLatestFrom"" (7:25)";7:25;https://fabiobiondi.teachable.com/courses/676637/lectures/12065794
224;RxJs;27;RxJS & Angular Reactive Forms;" password-match:-""combinelatest""-e-formcontrol-(articolo)";" Password match: ""combineLatest"" e FormControl (articolo)";00:00;https://fabiobiondi.teachable.com/courses/676637/lectures/12065795
225;RxJs;27;RxJS & Angular Reactive Forms; esercizio-su-formcontrol-e-combinelatest; Esercizio su FormControl e combineLatest;00:00;https://fabiobiondi.teachable.com/courses/676637/lectures/12065796
226;RxJs;28;Multicast & RxJS Subjects; introduzione-al-concetto-di-subject---unicast-vs-multicast-(10:01); Introduzione al concetto di Subject - unicast vs multicast (10:01);10:01;https://fabiobiondi.teachable.com/courses/676637/lectures/12065780
227;RxJs;28;Multicast & RxJS Subjects; utilizzo-behaviorsubject-per-contenere-e-condividere-dati-(6:51); Utilizzo BehaviorSubject per contenere e condividere dati (6:51);6:51;https://fabiobiondi.teachable.com/courses/676637/lectures/12065781
228;RxJs;28;Multicast & RxJS Subjects; subject-as-observer-(5:03); Subject as Observer (5:03);5:03;https://fabiobiondi.teachable.com/courses/676637/lectures/12065782
229;RxJs;28;Multicast & RxJS Subjects;" multicast:-""subject""-vs-operatore-""share""-(4:32)";" Multicast: ""Subject"" vs operatore ""share"" (4:32)";4:32;https://fabiobiondi.teachable.com/courses/676637/lectures/12065783
230;RxJs;28;Multicast & RxJS Subjects;" ""subject""-vs-""behaviorssubject""-vs-""replaysubject""-vs-""asyncsubject""-(6:31)";" ""Subject"" vs ""BehaviorsSubject"" vs ""ReplaySubject"" vs ""AsyncSubject"" (6:31)";6:31;https://fabiobiondi.teachable.com/courses/676637/lectures/12065784
231;RxJs;28;Multicast & RxJS Subjects; sommario-e-demo-sulle-diverse-tipologie-di-subject-(2:03); Sommario e demo sulle diverse tipologie di Subject (2:03);2:03;https://fabiobiondi.teachable.com/courses/676637/lectures/12065785
232;RxJs;28;Multicast & RxJS Subjects; risorse-e-marble-diagrams; Risorse e marble diagrams;00:00;https://fabiobiondi.teachable.com/courses/676637/lectures/12065786
233;RxJs;29;EXTRA: intro functional programming by Andrea Bertoli; intro; Intro;00:00;https://fabiobiondi.teachable.com/courses/676637/lectures/14415465
234;RxJs;29;EXTRA: intro functional programming by Andrea Bertoli; 1.-introduzione-alla-fp-(5:08); 1. Introduzione alla FP (5:08);5:08;https://fabiobiondi.teachable.com/courses/676637/lectures/14415450
235;RxJs;29;EXTRA: intro functional programming by Andrea Bertoli; 2.-composizione-di-funzioni-(3:58); 2. Composizione di funzioni (3:58);3:58;https://fabiobiondi.teachable.com/courses/676637/lectures/14415452
236;RxJs;29;EXTRA: intro functional programming by Andrea Bertoli; 3.-immutabilità,-side-effects-e-stato-(4:41); 3. Immutabilità, side effects e stato (4:41);4:41;https://fabiobiondi.teachable.com/courses/676637/lectures/14415456
237;NgRx;30;Introduzione; presentazione-corso-(9:11); Presentazione corso (9:11);9:11;https://fabiobiondi.teachable.com/courses/630974/lectures/13151500
238;NgRx;30;Introduzione; gruppo-facebook,-supporto-e-link; Gruppo Facebook, supporto e Link;00:00;https://fabiobiondi.teachable.com/courses/630974/lectures/13737205
239;NgRx;31;Introduzione a NGRX e REDUX; 1.-a-cosa-serve-uno-state-manager-(4:43); 1. A cosa serve uno state manager (4:43);4:43;https://fabiobiondi.teachable.com/courses/630974/lectures/11423743
240;NgRx;31;Introduzione a NGRX e REDUX; 2.-cos'é-ngrx:-pro-e-contro-(12:12); 2. Cos'é NGRX: pro e contro (12:12);12:12;https://fabiobiondi.teachable.com/courses/630974/lectures/11423742
241;NgRx;31;Introduzione a NGRX e REDUX; 3.-ngrx-diagram-(6:17); 3. NGRX Diagram (6:17);6:17;https://fabiobiondi.teachable.com/courses/630974/lectures/11423746
242;NgRx;31;Introduzione a NGRX e REDUX; 4.-progetto-e-struttura-cartelle-(5:56); 4. Progetto e struttura cartelle (5:56);5:56;https://fabiobiondi.teachable.com/courses/630974/lectures/11423745
243;NgRx;31;Introduzione a NGRX e REDUX; 5.-ngrx:-code-preview-(9:06); 5. NGRX: code preview (9:06);9:06;https://fabiobiondi.teachable.com/courses/630974/lectures/11423744
244;NgRx;31;Introduzione a NGRX e REDUX; 6.-stateless-applications-(6:02); 6. Stateless applications (6:02);6:02;https://fabiobiondi.teachable.com/courses/630974/lectures/11423747
245;NgRx;32;NGRX Fundamentals; introduzione-al-capitolo-(teoria---articolo); Introduzione al capitolo (teoria - articolo);00:00;https://fabiobiondi.teachable.com/courses/630974/lectures/11323331
246;NgRx;32;NGRX Fundamentals; 1.-goal:-cosa-realizzeremo-in-questo-capitolo-(3:32); 1. GOAL: cosa realizzeremo in questo capitolo (3:32);3:32;https://fabiobiondi.teachable.com/courses/630974/lectures/11546493
247;NgRx;32;NGRX Fundamentals; 2.-store,-reducers-e-actions-(teoria)-(8:06); 2. Store, reducers e Actions (TEORIA) (8:06);8:06;https://fabiobiondi.teachable.com/courses/630974/lectures/11546506
248;NgRx;32;NGRX Fundamentals; 3.-creazione-progetto-(1:56); 3. Creazione Progetto (1:56);1:56;https://fabiobiondi.teachable.com/courses/630974/lectures/11299012
249;NgRx;32;NGRX Fundamentals; 4.-hello-ngrx-(3:54); 4. Hello NGRX (3:54);3:54;https://fabiobiondi.teachable.com/courses/630974/lectures/11299020
250;NgRx;32;NGRX Fundamentals; 5.-ngrx-&-redux-devtools-(3:50); 5. NGRX & Redux DevTools (3:50);3:50;https://fabiobiondi.teachable.com/courses/630974/lectures/11299017
251;NgRx;32;NGRX Fundamentals; 6.-lo-store-(0:55); 6. Lo Store (0:55);0:55;https://fabiobiondi.teachable.com/courses/630974/lectures/11299019
252;NgRx;32;NGRX Fundamentals; 7.-selectors-(4:25); 7. Selectors (4:25);4:25;https://fabiobiondi.teachable.com/courses/630974/lectures/11299018
253;NgRx;32;NGRX Fundamentals; 8.-selectors-&-ngfor-(3:30); 8. Selectors & ngFor (3:30);3:30;https://fabiobiondi.teachable.com/courses/630974/lectures/11299021
254;NgRx;32;NGRX Fundamentals; 9.-actions-(5:43); 9. Actions (5:43);5:43;https://fabiobiondi.teachable.com/courses/630974/lectures/11299022
255;NgRx;32;NGRX Fundamentals; 10.-reducers-(5:13); 10. Reducers (5:13);5:13;https://fabiobiondi.teachable.com/courses/630974/lectures/11299023
256;NgRx;32;NGRX Fundamentals; 11.-azioni-con-parametri-(6:38); 11. Azioni con parametri (6:38);6:38;https://fabiobiondi.teachable.com/courses/630974/lectures/11299024
257;NgRx;32;NGRX Fundamentals; 12.-reduxdevtools:-dettagli-e-considerazioni-(7:26); 12. ReduxDevTools: dettagli e considerazioni (7:26);7:26;https://fabiobiondi.teachable.com/courses/630974/lectures/11299014
258;NgRx;32;NGRX Fundamentals; 13:-manipolare-array:-add-e-remove-(9:35); 13: Manipolare Array: ADD e REMOVE (9:35);9:35;https://fabiobiondi.teachable.com/courses/630974/lectures/11299016
259;NgRx;32;NGRX Fundamentals; quiz---ngrx-fundamentals; Quiz - NGRX Fundamentals;00:00;https://fabiobiondi.teachable.com/courses/630974/lectures/11548408
260;NgRx;33;NGRX: work with collections; 01.-goal:-manipolare-collezioni-dati-in-ngrx-(3:11); 01. GOAL: manipolare collezioni dati in NGRX (3:11);3:11;https://fabiobiondi.teachable.com/courses/630974/lectures/11323328
261;NgRx;33;NGRX: work with collections; 02.-ngrx-actions-(3:05); 02. NGRX Actions (3:05);3:05;https://fabiobiondi.teachable.com/courses/630974/lectures/11299010
262;NgRx;33;NGRX: work with collections; 03.-es6-tip:-immutabilità-e-manipolazione-array-(8:40); 03. ES6 TIP: Immutabilità e manipolazione array (8:40);8:40;https://fabiobiondi.teachable.com/courses/630974/lectures/11426341
263;NgRx;33;NGRX: work with collections;" 04.-""users""-reducer-(7:39)";" 04. ""users"" reducer (7:39)";7:39;https://fabiobiondi.teachable.com/courses/630974/lectures/11299013
264;NgRx;33;NGRX: work with collections; 05.-ui:-forms,-add-e-delete-(9:10); 05. UI: forms, add e delete (9:10);9:10;https://fabiobiondi.teachable.com/courses/630974/lectures/11299011
265;NgRx;33;NGRX: work with collections;" 06.-modifica-dei-dati-utenti-e-""bugs""-(12:26)";" 06. Modifica dei dati utenti e ""bugs"" (12:26)";12:26;https://fabiobiondi.teachable.com/courses/630974/lectures/11299015
266;NgRx;33;NGRX: work with collections; quiz---ngrx:-wotk-with-collections; Quiz - NGRX: Wotk with collections;00:00;https://fabiobiondi.teachable.com/courses/630974/lectures/11548476
267;NgRx;33;NGRX: work with collections; download-source-code; Download source code;00:00;https://fabiobiondi.teachable.com/courses/630974/lectures/14623068
268;NgRx;34;NGRX - CRUD apps; 01.-goal:-ngrx-crud-apps-(8:19); 01. GOAL: NGRX CRUD apps (8:19);8:19;https://fabiobiondi.teachable.com/courses/630974/lectures/11323325
269;NgRx;34;NGRX - CRUD apps; 02.-creazione-progetto-(0:54); 02. Creazione Progetto (0:54);0:54;https://fabiobiondi.teachable.com/courses/630974/lectures/11314129
270;NgRx;34;NGRX - CRUD apps; 03.-installazione-mock-server-rest-(2:12); 03. Installazione mock server REST (2:12);2:12;https://fabiobiondi.teachable.com/courses/630974/lectures/11314125
271;NgRx;34;NGRX - CRUD apps; 04.-installazione-ngrx-e-configurazione-store-(1:21); 04. Installazione NGRX e configurazione Store (1:21);1:21;https://fabiobiondi.teachable.com/courses/630974/lectures/11314127
272;NgRx;34;NGRX - CRUD apps; 05.-actions-(3:17); 05. Actions (3:17);3:17;https://fabiobiondi.teachable.com/courses/630974/lectures/11322223
273;NgRx;34;NGRX - CRUD apps; 06.-es6-tip:-immutabilità-e-manipolazione-oggetti-(4:08); 06. ES6 TIP: immutabilità e manipolazione oggetti (4:08);4:08;https://fabiobiondi.teachable.com/courses/630974/lectures/11424428
274;NgRx;34;NGRX - CRUD apps;" 07.-reducer-""compositi""-contenenti-logica-(12:21)";" 07. Reducer ""compositi"" contenenti logica (12:21)";12:21;https://fabiobiondi.teachable.com/courses/630974/lectures/11322224
275;NgRx;34;NGRX - CRUD apps; 08.-sviluppo-ui:-form-e-list---parte-1-(12:00); 08. Sviluppo UI: form e list - parte 1 (12:00);12:00;https://fabiobiondi.teachable.com/courses/630974/lectures/11314128
276;NgRx;34;NGRX - CRUD apps; 09.-sviluppo-ui:-form-e-list---parte-1-(6:25); 09. Sviluppo UI: form e list - parte 1 (6:25);6:25;https://fabiobiondi.teachable.com/courses/630974/lectures/11495248
277;NgRx;34;NGRX - CRUD apps; 10.-effects:-introduzione-alla-sintassi-e-al-funzionamento-(teoria)-(7:32); 10. Effects: introduzione alla sintassi e al funzionamento (TEORIA) (7:32);7:32;https://fabiobiondi.teachable.com/courses/630974/lectures/11323377
278;NgRx;34;NGRX - CRUD apps; 11.-effects---parte-1:-load-(11:28); 11. Effects - Parte 1: load (11:28);11:28;https://fabiobiondi.teachable.com/courses/630974/lectures/11322225
279;NgRx;34;NGRX - CRUD apps; tip:-importare-l'effetto-e-httpclientmodule-in-appmodule; TIP: importare l'effetto e HttpClientModule in AppModule;00:00;https://fabiobiondi.teachable.com/courses/630974/lectures/14048861
280;NgRx;34;NGRX - CRUD apps; 12.-effects---parte-2:-delete-(6:02); 12. Effects - Parte 2: delete (6:02);6:02;https://fabiobiondi.teachable.com/courses/630974/lectures/11316175
281;NgRx;34;NGRX - CRUD apps; 13.-effects---parte-3:-save,-edit,-add-and-fix-problemi-(20:07); 13. Effects - Parte 3: save, edit, add and fix problemi (20:07);20:07;https://fabiobiondi.teachable.com/courses/630974/lectures/11316173
282;NgRx;34;NGRX - CRUD apps; 14.-appstate:-custom-type-per-lo-store-(2:28); 14. AppState: custom type per lo Store (2:28);2:28;https://fabiobiondi.teachable.com/courses/630974/lectures/11316171
283;NgRx;34;NGRX - CRUD apps; 15.-combine-reducers-con-actionreducermap-(6:33); 15. Combine Reducers con ActionReducerMap (6:33);6:33;https://fabiobiondi.teachable.com/courses/630974/lectures/11316174
284;NgRx;34;NGRX - CRUD apps; 16.-selectors-(5:11); 16. Selectors (5:11);5:11;https://fabiobiondi.teachable.com/courses/630974/lectures/11316170
285;NgRx;34;NGRX - CRUD apps; 17.-createselector:-selectors-con-parametri-ed-espressioni-(utilizzo-di-filter-&-reduce)-(8:26); 17. CreateSelector: selectors con parametri ed espressioni (utilizzo di filter & reduce) (8:26);8:26;https://fabiobiondi.teachable.com/courses/630974/lectures/11316177
286;NgRx;34;NGRX - CRUD apps; 18.-selectors:-miglioramenti-(1:28); 18. Selectors: miglioramenti (1:28);1:28;https://fabiobiondi.teachable.com/courses/630974/lectures/11316176
287;NgRx;34;NGRX - CRUD apps; 19.-gestione-errori-(7:28); 19. Gestione Errori (7:28);7:28;https://fabiobiondi.teachable.com/courses/630974/lectures/11323271
288;NgRx;34;NGRX - CRUD apps; download-source-code; Download source code;00:00;https://fabiobiondi.teachable.com/courses/630974/lectures/11495543
289;NgRx;34;NGRX - CRUD apps; quiz---ngrx-crud; QUIZ - NGRX Crud;00:00;https://fabiobiondi.teachable.com/courses/630974/lectures/11548621
290;NgRx;35;InvoiceApp: creare un sistema di fatturazione; 01.-gli-argomenti-delle-prossime-lezioni-(articolo); 01. Gli argomenti delle prossime lezioni (articolo);00:00;https://fabiobiondi.teachable.com/courses/630974/lectures/11453155
291;NgRx;35;InvoiceApp: creare un sistema di fatturazione; 02.-goal:-demo-applicazione-(4:50); 02. GOAL: demo applicazione (4:50);4:50;https://fabiobiondi.teachable.com/courses/630974/lectures/11547027
292;NgRx;35;InvoiceApp: creare un sistema di fatturazione; 03.-anticipazione:-codice-finale-(4:24); 03. Anticipazione: codice finale (4:24);4:24;https://fabiobiondi.teachable.com/courses/630974/lectures/11547273
293;NgRx;35;InvoiceApp: creare un sistema di fatturazione; download-source-code; Download Source Code;00:00;https://fabiobiondi.teachable.com/courses/630974/lectures/14623093
294;NgRx;36;InvoiceApp: Preparazione Progetto; 01.-creazione-progetto-tramite-cli-(2:31); 01. Creazione progetto tramite CLI (2:31);2:31;https://fabiobiondi.teachable.com/courses/630974/lectures/11546953
295;NgRx;36;InvoiceApp: Preparazione Progetto; 02.-introduzione-struttura-progetto-modulare:-features-vs-core-vs-shared-(3:42); 02. Introduzione struttura progetto modulare: features vs core vs shared (3:42);3:42;https://fabiobiondi.teachable.com/courses/630974/lectures/11453904
296;NgRx;36;InvoiceApp: Preparazione Progetto;" 03.-""features""-modules-&-lazy-loading-(8:13)";" 03. ""Features"" modules & lazy loading (8:13)";8:13;https://fabiobiondi.teachable.com/courses/630974/lectures/11453110
297;NgRx;36;InvoiceApp: Preparazione Progetto; 04.-installare-il-set-di-icone:-fortawesome-(2:24); 04. Installare il set di icone: FortAwesome (2:24);2:24;https://fabiobiondi.teachable.com/courses/630974/lectures/11453109
298;NgRx;36;InvoiceApp: Preparazione Progetto; 05.-installare-bootstrap-sass-(2:51); 05. Installare Bootstrap SASS (2:51);2:51;https://fabiobiondi.teachable.com/courses/630974/lectures/11453112
299;NgRx;36;InvoiceApp: Preparazione Progetto; 06.-personalizzare-un-tema-di-bootstrap-con-sass-(4:48); 06. Personalizzare un tema di Bootstrap con SASS (4:48);4:48;https://fabiobiondi.teachable.com/courses/630974/lectures/11453111
300;NgRx;36;InvoiceApp: Preparazione Progetto; 07.-creare-la-navigation-bar-(6:50); 07. Creare la Navigation Bar (6:50);6:50;https://fabiobiondi.teachable.com/courses/630974/lectures/11453113
301;NgRx;36;InvoiceApp: Preparazione Progetto; 08.-modulo-core-e-modulo-share:-forroot-method-(6:06); 08. Modulo core e modulo share: forRoot method (6:06);6:06;https://fabiobiondi.teachable.com/courses/630974/lectures/11453114
302;NgRx;37;InvoiceApp: Configurazione Store; 1---ngrx---storemodule.forroot()-(teoria)-(4:17); 1 - NGRX - StoreModule.forRoot() (Teoria) (4:17);4:17;https://fabiobiondi.teachable.com/courses/630974/lectures/11509252
303;NgRx;37;InvoiceApp: Configurazione Store; 2.-installazione-ngrx-e-configurazione-store-(2:21); 2. Installazione NGRX e configurazione Store (2:21);2:21;https://fabiobiondi.teachable.com/courses/630974/lectures/11453138
304;NgRx;37;InvoiceApp: Configurazione Store; 3.-runtime-checks-configuration-(3:14); 3. Runtime checks configuration (3:14);3:14;https://fabiobiondi.teachable.com/courses/630974/lectures/11453137
305;NgRx;38;InvoiceApp: Sync Router con lo Store; 01.-installazione-e-configurazione-router-store-con-ngrx-(2:59); 01. Installazione e configurazione router-store con NGRX (2:59);2:59;https://fabiobiondi.teachable.com/courses/630974/lectures/11453139
306;NgRx;38;InvoiceApp: Sync Router con lo Store; 02.-creare-custom-router-actions-(5:42); 02. Creare Custom Router Actions (5:42);5:42;https://fabiobiondi.teachable.com/courses/630974/lectures/11453136
307;NgRx;38;InvoiceApp: Sync Router con lo Store; 03.-router-effects-(9:28); 03. Router Effects (9:28);9:28;https://fabiobiondi.teachable.com/courses/630974/lectures/11453167
308;NgRx;38;InvoiceApp: Sync Router con lo Store; 04.-router-selectors-(10:28); 04. Router Selectors (10:28);10:28;https://fabiobiondi.teachable.com/courses/630974/lectures/11453206
309;NgRx;38;InvoiceApp: Sync Router con lo Store; tip:-un-approccio-più-idiomatico-nell'utilizzo-del-selettore-(articolo); TIP: un approccio più idiomatico nell'utilizzo del selettore (articolo);00:00;https://fabiobiondi.teachable.com/courses/630974/lectures/11496058
310;NgRx;39;InvoiceApp: Gestione Profilo Utente; goal:-profilo-utente-(1:14); GOAL: profilo utente (1:14);1:14;https://fabiobiondi.teachable.com/courses/630974/lectures/11547418
311;NgRx;39;InvoiceApp: Gestione Profilo Utente; 01.-model-&-mock-server-rest-con-json-server-(4:06); 01. Model & mock server REST con json-server (4:06);4:06;https://fabiobiondi.teachable.com/courses/630974/lectures/11453296
312;NgRx;39;InvoiceApp: Gestione Profilo Utente; 02.-profile-service-&-environment-properties-(5:38); 02. Profile Service & Environment properties (5:38);5:38;https://fabiobiondi.teachable.com/courses/630974/lectures/11453295
313;NgRx;39;InvoiceApp: Gestione Profilo Utente; 03.-profile-actions-(1:45); 03. Profile Actions (1:45);1:45;https://fabiobiondi.teachable.com/courses/630974/lectures/11453297
314;NgRx;39;InvoiceApp: Gestione Profilo Utente; 04.-profile-effects-(6:31); 04. Profile Effects (6:31);6:31;https://fabiobiondi.teachable.com/courses/630974/lectures/11453298
315;NgRx;39;InvoiceApp: Gestione Profilo Utente; 05.-profile-reducer-(12:14); 05. Profile Reducer (12:14);12:14;https://fabiobiondi.teachable.com/courses/630974/lectures/11453480
316;NgRx;39;InvoiceApp: Gestione Profilo Utente; 06.-ts-tip:-as-syntax-vs-partial-vs-optional-parameters-(2:35); 06. TS TIP: as-syntax vs Partial vs optional-parameters (2:35);2:35;https://fabiobiondi.teachable.com/courses/630974/lectures/11536076
317;NgRx;39;InvoiceApp: Gestione Profilo Utente; 07.-ngrx-tip:-export-reducer-functions-&-limiti-compilazione-aot-(4:37); 07. NGRX-TIP: export reducer functions & limiti compilazione AoT (4:37);4:37;https://fabiobiondi.teachable.com/courses/630974/lectures/11535823
318;NgRx;39;InvoiceApp: Gestione Profilo Utente; 08.-selectors-&-createfeatureselector-(4:16); 08. Selectors & createFeatureSelector (4:16);4:16;https://fabiobiondi.teachable.com/courses/630974/lectures/11453482
319;NgRx;39;InvoiceApp: Gestione Profilo Utente;" 09.-appstate:-""tipizzare""-lo-store-(3:21)";" 09. AppState: ""tipizzare"" lo Store (3:21)";3:21;https://fabiobiondi.teachable.com/courses/630974/lectures/11453479
320;NgRx;39;InvoiceApp: Gestione Profilo Utente; 10.-profile-component:-load-&-display-data-(5:46); 10. Profile component: load & display data (5:46);5:46;https://fabiobiondi.teachable.com/courses/630974/lectures/11453483
321;NgRx;39;InvoiceApp: Gestione Profilo Utente; 11.-profile-component:-edit-data-&-sync-components-(9:25); 11. Profile component: edit data & sync components (9:25);9:25;https://fabiobiondi.teachable.com/courses/630974/lectures/11453481
322;NgRx;39;InvoiceApp: Gestione Profilo Utente; 12.-profile-component:-skinning-(3:48); 12. Profile component: skinning (3:48);3:48;https://fabiobiondi.teachable.com/courses/630974/lectures/11453478
323;NgRx;40;Invoice App: Autenticazione e Sicurezza; goal:-autenticazione-e-struttura-store-(3:24); GOAL: autenticazione e struttura store (3:24);3:24;https://fabiobiondi.teachable.com/courses/630974/lectures/11547370
324;NgRx;40;Invoice App: Autenticazione e Sicurezza; 01.-login-component-(5:21); 01. Login Component (5:21);5:21;https://fabiobiondi.teachable.com/courses/630974/lectures/11461768
325;NgRx;40;Invoice App: Autenticazione e Sicurezza; 02.-auth-actions-(5:24); 02. Auth Actions (5:24);5:24;https://fabiobiondi.teachable.com/courses/630974/lectures/11461771
326;NgRx;40;Invoice App: Autenticazione e Sicurezza; 03.-auth-service-(4:15); 03. Auth service (4:15);4:15;https://fabiobiondi.teachable.com/courses/630974/lectures/11461772
327;NgRx;40;Invoice App: Autenticazione e Sicurezza; 04.-auth-effects:-login-&-logout-(19:57); 04. Auth Effects: login & logout (19:57);19:57;https://fabiobiondi.teachable.com/courses/630974/lectures/11461770
328;NgRx;40;Invoice App: Autenticazione e Sicurezza; 05.-auth-reducer:-login-&-logout-(7:08); 05. Auth Reducer: login & logout (7:08);7:08;https://fabiobiondi.teachable.com/courses/630974/lectures/11461769
329;NgRx;40;Invoice App: Autenticazione e Sicurezza; 06.-auth-selectors-(2:33); 06. Auth selectors (2:33);2:33;https://fabiobiondi.teachable.com/courses/630974/lectures/11461773
330;NgRx;40;Invoice App: Autenticazione e Sicurezza; 07.-gestione-logout-(3:36); 07. Gestione Logout (3:36);3:36;https://fabiobiondi.teachable.com/courses/630974/lectures/11461774
331;NgRx;40;Invoice App: Autenticazione e Sicurezza; 08.-guards:-protezione-route-e-utilizzo-dei-selettori-(11:15); 08. Guards: protezione route e utilizzo dei selettori (11:15);11:15;https://fabiobiondi.teachable.com/courses/630974/lectures/11461775
332;NgRx;40;Invoice App: Autenticazione e Sicurezza; 09.-autologin:-init-effects.-azioni-e-gestione-localstorage-(10:13); 09. Autologin: init-effects. azioni e gestione localstorage (10:13);10:13;https://fabiobiondi.teachable.com/courses/630974/lectures/11461776
333;NgRx;40;Invoice App: Autenticazione e Sicurezza; tip-su-httpinterceptor:-importante!; TIP su HttpInterceptor: IMPORTANTE!;00:00;https://fabiobiondi.teachable.com/courses/630974/lectures/14100680
334;NgRx;40;Invoice App: Autenticazione e Sicurezza; 10.-httpinterceptor:-selectors-(15:50); 10. HTTPInterceptor: selectors (15:50);15:50;https://fabiobiondi.teachable.com/courses/630974/lectures/11461951
335;NgRx;40;Invoice App: Autenticazione e Sicurezza; 11.-httpinterceptor:-gestione-errori-(3:48); 11. HTTPInterceptor: gestione errori (3:48);3:48;https://fabiobiondi.teachable.com/courses/630974/lectures/11461952
336;NgRx;40;Invoice App: Autenticazione e Sicurezza; 12.-httpinterceptor:-throwerror-(3:28); 12. HTTPInterceptor: throwError (3:28);3:28;https://fabiobiondi.teachable.com/courses/630974/lectures/11503285
337;NgRx;40;Invoice App: Autenticazione e Sicurezza; 13.-creazione-direttive-strutturali-(*iflogged):-protezione-dom-(13:38); 13. Creazione Direttive strutturali (*ifLogged): protezione DOM (13:38);13:38;https://fabiobiondi.teachable.com/courses/630974/lectures/11461953
338;NgRx;40;Invoice App: Autenticazione e Sicurezza; 14.-rxjs-tip:-evitare-inutili-richieste-http-nel-login:-switchmap-vs-exhaustmap-(2:01); 14. RXJS TIP: evitare inutili richieste HTTP nel login: switchmap vs exhaustmap (2:01);2:01;https://fabiobiondi.teachable.com/courses/630974/lectures/11496743
339;NgRx;41;InvoiceApp: introduzione alla feature InvoiceEditor; 01.-goal-e-struttura-store-(4:22); 01. GOAL e struttura store (4:22);4:22;https://fabiobiondi.teachable.com/courses/630974/lectures/11483449
340;NgRx;41;InvoiceApp: introduzione alla feature InvoiceEditor;" 02.-ngrx:-introduzione-store-""forfeature()""-(6:17)";" 02. NGRX: Introduzione store ""forFeature()"" (6:17)";6:17;https://fabiobiondi.teachable.com/courses/630974/lectures/11509256
341;NgRx;41;InvoiceApp: introduzione alla feature InvoiceEditor; 03.-creazione:-store-for-feature-(4:32); 03. Creazione: store for feature (4:32);4:32;https://fabiobiondi.teachable.com/courses/630974/lectures/11483448
342;NgRx;41;InvoiceApp: introduzione alla feature InvoiceEditor; 04.-combine-reducers-con-actionreducermap-(3:12); 04. Combine Reducers con ActionReducerMap (3:12);3:12;https://fabiobiondi.teachable.com/courses/630974/lectures/11483450
343;NgRx;41;InvoiceApp: introduzione alla feature InvoiceEditor; prossimi-step:-nota-importante; Prossimi step: nota importante;00:00;https://fabiobiondi.teachable.com/courses/630974/lectures/11483436
344;NgRx;42;InvoiceEditor -> Clients: UI; 01.-goal-(2:51); 01. GOAL (2:51);2:51;https://fabiobiondi.teachable.com/courses/630974/lectures/11484045
345;NgRx;42;InvoiceEditor -> Clients: UI; 02.-struttura-ui-&-component-based-approach-(0:52); 02. Struttura UI & component-based approach (0:52);0:52;https://fabiobiondi.teachable.com/courses/630974/lectures/11547590
346;NgRx;42;InvoiceEditor -> Clients: UI; 03.-ui:-componente-pannello-clienti-(11:47); 03. UI: componente pannello Clienti (11:47);11:47;https://fabiobiondi.teachable.com/courses/630974/lectures/11484044
347;NgRx;42;InvoiceEditor -> Clients: UI; 04.-ui:-input,-output,-ng-class-&-animations-(6:03); 04. UI: input, output, ng-class & animations (6:03);6:03;https://fabiobiondi.teachable.com/courses/630974/lectures/11484052
348;NgRx;42;InvoiceEditor -> Clients: UI; 05.-ui-children---parte-1:-suddividere-la-ui-in-componenti-(12:39); 05. UI Children - parte 1: suddividere la UI in componenti (12:39);12:39;https://fabiobiondi.teachable.com/courses/630974/lectures/11484047
349;NgRx;42;InvoiceEditor -> Clients: UI; 06.-ui-children---parte-2:-creazione-header-/-add-clients-(7:35); 06. UI Children - parte 2: creazione header / ADD clients (7:35);7:35;https://fabiobiondi.teachable.com/courses/630974/lectures/11484043
350;NgRx;42;InvoiceEditor -> Clients: UI; 07.-ui-children---parte-3:-header,-@viewchild-&-changedetectorref-(17:04); 07. UI Children - parte 3: Header, @ViewChild & ChangeDetectorRef (17:04);17:04;https://fabiobiondi.teachable.com/courses/630974/lectures/11484046
351;NgRx;42;InvoiceEditor -> Clients: UI; 08.-ui-children---parte-4:-modifica-cliente-(1:50); 08. UI Children - parte 4: Modifica Cliente (1:50);1:50;https://fabiobiondi.teachable.com/courses/630974/lectures/11484048
352;NgRx;42;InvoiceEditor -> Clients: UI; 09.-ui-children---parte-5:-applicare-css-al-wrapper-con-@hostbinding-(3:21); 09. UI Children - parte 5: applicare CSS al wrapper con @HostBinding (3:21);3:21;https://fabiobiondi.teachable.com/courses/630974/lectures/11484051
353;NgRx;42;InvoiceEditor -> Clients: UI; 10.-client-model-(2:47); 10. Client Model (2:47);2:47;https://fabiobiondi.teachable.com/courses/630974/lectures/11484050
354;NgRx;42;InvoiceEditor -> Clients: UI; 11.-riassunto-e-prossimo-step-(3:35); 11. Riassunto e prossimo step (3:35);3:35;https://fabiobiondi.teachable.com/courses/630974/lectures/11484049
355;NgRx;43;InvoiceEditor -> Clients: gestione STORE; 01.-clientservice-&-rest-api-(4:19); 01. ClientService & REST API (4:19);4:19;https://fabiobiondi.teachable.com/courses/630974/lectures/11484111
356;NgRx;43;InvoiceEditor -> Clients: gestione STORE; 02.-clients-actions-(2:05); 02. Clients Actions (2:05);2:05;https://fabiobiondi.teachable.com/courses/630974/lectures/11484109
357;NgRx;43;InvoiceEditor -> Clients: gestione STORE; 03.-clients-effects---parte-1-(4:47); 03. Clients Effects - Parte 1 (4:47);4:47;https://fabiobiondi.teachable.com/courses/630974/lectures/11484110
358;NgRx;43;InvoiceEditor -> Clients: gestione STORE; 04.-clients-effects---parte-2-(4:12); 04. Clients Effects - Parte 2 (4:12);4:12;https://fabiobiondi.teachable.com/courses/630974/lectures/11484112
359;NgRx;43;InvoiceEditor -> Clients: gestione STORE; 05.-clients:-load-(3:03); 05. Clients: Load (3:03);3:03;https://fabiobiondi.teachable.com/courses/630974/lectures/11484114
360;NgRx;43;InvoiceEditor -> Clients: gestione STORE; 06.-creare-un-index-per-i-reducers-con-actionreducermap-(3:13); 06. creare un index per i reducers con actionReducerMap (3:13);3:13;https://fabiobiondi.teachable.com/courses/630974/lectures/11484113
361;NgRx;43;InvoiceEditor -> Clients: gestione STORE; 07.-clients-reducer-(9:11); 07. Clients Reducer (9:11);9:11;https://fabiobiondi.teachable.com/courses/630974/lectures/11484116
362;NgRx;43;InvoiceEditor -> Clients: gestione STORE; 08.-createfeatureselector-vs-createselector-(4:09); 08. createFeatureSelector vs createSelector (4:09);4:09;https://fabiobiondi.teachable.com/courses/630974/lectures/11484115
363;NgRx;43;InvoiceEditor -> Clients: gestione STORE; 09.-considerazioni-finali-(2:20); 09. Considerazioni finali (2:20);2:20;https://fabiobiondi.teachable.com/courses/630974/lectures/11484117
364;NgRx;44;"InvoiceEditor -> HttpStatus: gestione messaggi ""success"" e ""failed"""; goal-(0:50); Goal (0:50);0:50;https://fabiobiondi.teachable.com/courses/630974/lectures/11505876
365;NgRx;44;"InvoiceEditor -> HttpStatus: gestione messaggi ""success"" e ""failed"""; introduzione-(3:15); introduzione (3:15);3:15;https://fabiobiondi.teachable.com/courses/630974/lectures/11505874
366;NgRx;44;"InvoiceEditor -> HttpStatus: gestione messaggi ""success"" e ""failed"""; httpstatus:-gestione-error-e-success-nello-store-(5:17); HttpStatus: gestione error e success nello store (5:17);5:17;https://fabiobiondi.teachable.com/courses/630974/lectures/11505877
367;NgRx;44;"InvoiceEditor -> HttpStatus: gestione messaggi ""success"" e ""failed"""; considerazioni-su-errori-e-gestione-tramite-http-interceptor-(articolo); Considerazioni su errori e gestione tramite HTTP Interceptor (articolo);00:00;https://fabiobiondi.teachable.com/courses/630974/lectures/11659589
368;NgRx;44;"InvoiceEditor -> HttpStatus: gestione messaggi ""success"" e ""failed"""; httpstatus:-reducer-(6:29); HttpStatus: reducer (6:29);6:29;https://fabiobiondi.teachable.com/courses/630974/lectures/11505875
369;NgRx;44;"InvoiceEditor -> HttpStatus: gestione messaggi ""success"" e ""failed"""; httpstatus:-selector-(2:47); HttpStatus: selector (2:47);2:47;https://fabiobiondi.teachable.com/courses/630974/lectures/11505873
370;NgRx;44;"InvoiceEditor -> HttpStatus: gestione messaggi ""success"" e ""failed"""; httpstatus-:-ui-e-visualizzazione-errori-(4:51); HttpStatus : UI e visualizzazione errori (4:51);4:51;https://fabiobiondi.teachable.com/courses/630974/lectures/11505878
371;NgRx;44;"InvoiceEditor -> HttpStatus: gestione messaggi ""success"" e ""failed"""; httpstatus:-custom-component-(2:31); HttpStatus: custom component (2:31);2:31;https://fabiobiondi.teachable.com/courses/630974/lectures/11505880
372;NgRx;44;"InvoiceEditor -> HttpStatus: gestione messaggi ""success"" e ""failed"""; httpstatus:-gestione-messaggi-di-successo-(4:21); HttpStatus: Gestione messaggi di successo (4:21);4:21;https://fabiobiondi.teachable.com/courses/630974/lectures/11505879
373;NgRx;44;"InvoiceEditor -> HttpStatus: gestione messaggi ""success"" e ""failed"""; httpstatus:-conclusione-e-riepilogo-(2:47); HttpStatus: conclusione e riepilogo (2:47);2:47;https://fabiobiondi.teachable.com/courses/630974/lectures/11505881
374;NgRx;45;InvoiceEditor -> ui -> sync user interface with store; 1.-goal-(1:40); 1. GOAL (1:40);1:40;https://fabiobiondi.teachable.com/courses/630974/lectures/11505882
375;NgRx;45;InvoiceEditor -> ui -> sync user interface with store; 2.-ui-state-(3:17); 2. UI state (3:17);3:17;https://fabiobiondi.teachable.com/courses/630974/lectures/11505883
376;NgRx;45;InvoiceEditor -> ui -> sync user interface with store; 3.-ui-actions-(1:04); 3. UI Actions (1:04);1:04;https://fabiobiondi.teachable.com/courses/630974/lectures/11505884
377;NgRx;45;InvoiceEditor -> ui -> sync user interface with store; 4.-ui-reducers-(5:18); 4. UI Reducers (5:18);5:18;https://fabiobiondi.teachable.com/courses/630974/lectures/11505886
378;NgRx;45;InvoiceEditor -> ui -> sync user interface with store; 5.-ui-selectors-(7:58); 5. UI Selectors (7:58);7:58;https://fabiobiondi.teachable.com/courses/630974/lectures/11505885
379;NgRx;45;InvoiceEditor -> ui -> sync user interface with store; 6.-ui:-gestione-apertura-/-chiusura-pannelli-(7:24); 6. UI: gestione apertura / chiusura pannelli (7:24);7:24;https://fabiobiondi.teachable.com/courses/630974/lectures/11505887
380;NgRx;46;InvoiceEditor -> Invoices: gestione fatture (advanced tricks); 01.-goal-(0:55); 01. GOAL (0:55);0:55;https://fabiobiondi.teachable.com/courses/630974/lectures/11547920
381;NgRx;46;InvoiceEditor -> Invoices: gestione fatture (advanced tricks); 03.-invoice-model-(modello-fattura)-(1:51); 03. Invoice Model (modello fattura) (1:51);1:51;https://fabiobiondi.teachable.com/courses/630974/lectures/11520442
382;NgRx;46;InvoiceEditor -> Invoices: gestione fatture (advanced tricks); 04.-invoices-actions-(8:49); 04. Invoices Actions (8:49);8:49;https://fabiobiondi.teachable.com/courses/630974/lectures/11520543
383;NgRx;46;InvoiceEditor -> Invoices: gestione fatture (advanced tricks); 05.-invoice-form:-versione-provvisoria-(7:57); 05. Invoice Form: versione provvisoria (7:57);7:57;https://fabiobiondi.teachable.com/courses/630974/lectures/11520642
384;NgRx;46;InvoiceEditor -> Invoices: gestione fatture (advanced tricks);" 06.-inizializzazione-stato-""invoices""-(4:55)";" 06. Inizializzazione stato ""invoices"" (4:55)";4:55;https://fabiobiondi.teachable.com/courses/630974/lectures/11520966
385;NgRx;46;InvoiceEditor -> Invoices: gestione fatture (advanced tricks); 07.-selectors-per-le-fatture-&-getactiveinvoice-(2:16); 07. Selectors per le fatture & getActiveInvoice (2:16);2:16;https://fabiobiondi.teachable.com/courses/630974/lectures/11520956
386;NgRx;46;InvoiceEditor -> Invoices: gestione fatture (advanced tricks);" 08.-effects-condizionali-e-operatore-rxjs-""withlatestfrom""-(10:05)";" 08. Effects condizionali e operatore RxJS ""withLatestFrom"" (10:05)";10:05;https://fabiobiondi.teachable.com/courses/630974/lectures/11520934
387;NgRx;46;InvoiceEditor -> Invoices: gestione fatture (advanced tricks); 09.-invoices-http-service-(3:05); 09. Invoices http service (3:05);3:05;https://fabiobiondi.teachable.com/courses/630974/lectures/11529067
388;NgRx;46;InvoiceEditor -> Invoices: gestione fatture (advanced tricks); 10.-concatenare-effects-(5:14); 10. Concatenare effects (5:14);5:14;https://fabiobiondi.teachable.com/courses/630974/lectures/11529066
389;NgRx;46;InvoiceEditor -> Invoices: gestione fatture (advanced tricks); 11.-emettere-azioni-multiple-negli-effetti-(4:18); 11. Emettere azioni multiple negli effetti (4:18);4:18;https://fabiobiondi.teachable.com/courses/630974/lectures/11529068
390;NgRx;46;InvoiceEditor -> Invoices: gestione fatture (advanced tricks); 12.-reducer-update:-gestione-activeinvoice-e-addinvoice-(4:28); 12. Reducer update: gestione activeInvoice e addInvoice (4:28);4:28;https://fabiobiondi.teachable.com/courses/630974/lectures/11529069
391;NgRx;46;InvoiceEditor -> Invoices: gestione fatture (advanced tricks); 13.-initializzazione-invoice-editor-e-gestione-xhr-simultanee-(17:21); 13. Initializzazione invoice editor e gestione xhr simultanee (17:21);17:21;https://fabiobiondi.teachable.com/courses/630974/lectures/11529071
392;NgRx;46;InvoiceEditor -> Invoices: gestione fatture (advanced tricks); 14.-ui:-visualizzazione-fatture-e-gestione-fattura-attiva-(9:35); 14. UI: visualizzazione fatture e gestione fattura attiva (9:35);9:35;https://fabiobiondi.teachable.com/courses/630974/lectures/11529072
393;NgRx;46;InvoiceEditor -> Invoices: gestione fatture (advanced tricks); 15.-ui:-animare-il-layout-sulla-base-dell'apertura-pannelli-(7:13); 15. UI: animare il layout sulla base dell'apertura pannelli (7:13);7:13;https://fabiobiondi.teachable.com/courses/630974/lectures/11529074
394;NgRx;46;InvoiceEditor -> Invoices: gestione fatture (advanced tricks); 16.-selectors,-reduce-ed-espressioni:-calcolo-numero-fattura-progressivo-(11:52); 16. Selectors, reduce ed espressioni: calcolo numero fattura progressivo (11:52);11:52;https://fabiobiondi.teachable.com/courses/630974/lectures/11529075
395;NgRx;46;InvoiceEditor -> Invoices: gestione fatture (advanced tricks); 17.-creare-una-nuova-fattura-(3:45); 17. Creare una nuova fattura (3:45);3:45;https://fabiobiondi.teachable.com/courses/630974/lectures/11529073
396;NgRx;46;InvoiceEditor -> Invoices: gestione fatture (advanced tricks); 18.-modificare-una-fattura-(17:34); 18. Modificare una fattura (17:34);17:34;https://fabiobiondi.teachable.com/courses/630974/lectures/11529079
397;NgRx;46;InvoiceEditor -> Invoices: gestione fatture (advanced tricks); 19.-cancellare-una-fattura-(5:53); 19. Cancellare una fattura (5:53);5:53;https://fabiobiondi.teachable.com/courses/630974/lectures/11529076
398;NgRx;46;InvoiceEditor -> Invoices: gestione fatture (advanced tricks); 20.-bug-fix:-delete-vs-setactive-(5:18); 20. bug fix: delete vs setActive (5:18);5:18;https://fabiobiondi.teachable.com/courses/630974/lectures/11529077
399;NgRx;46;InvoiceEditor -> Invoices: gestione fatture (advanced tricks);" 21.-aggiungere-un-campo-""date""-alla-fattura-(2:15)";" 21. Aggiungere un campo ""Date"" alla fattura (2:15)";2:15;https://fabiobiondi.teachable.com/courses/630974/lectures/11529078
400;NgRx;46;InvoiceEditor -> Invoices: gestione fatture (advanced tricks); 22.-ui:-migliorare-il-layout-del-pannello-clienti-(4:20); 22. UI: migliorare il layout del-pannello clienti (4:20);4:20;https://fabiobiondi.teachable.com/courses/630974/lectures/11632752
401;NgRx;47;InvoiceApp -> InvoiceEditor: Reactive Forms; 1.-introduzione-al-capitolo; 1. Introduzione al capitolo;00:00;https://fabiobiondi.teachable.com/courses/630974/lectures/11534939
402;NgRx;47;InvoiceApp -> InvoiceEditor: Reactive Forms; 3.-migliorare-il-layout-del-form-(15:14); 3. Migliorare il layout del form (15:14);15:14;https://fabiobiondi.teachable.com/courses/630974/lectures/11533242
403;NgRx;47;InvoiceApp -> InvoiceEditor: Reactive Forms; 4.-aprire-i-pannelli-clienti-e-dello-storico-fatture-(6:00); 4. Aprire i pannelli clienti e dello storico fatture (6:00);6:00;https://fabiobiondi.teachable.com/courses/630974/lectures/11533245
404;NgRx;47;InvoiceApp -> InvoiceEditor: Reactive Forms;" 5.-da-""template-driven-forms""-ai-reactive-forms-(6:34)";" 5. Da ""template-driven forms"" ai Reactive Forms (6:34)";6:34;https://fabiobiondi.teachable.com/courses/630974/lectures/11533244
405;NgRx;47;InvoiceApp -> InvoiceEditor: Reactive Forms; 6:-component-lifecycle:-ngonchanges-(6:51); 6: Component lifecycle: ngOnChanges (6:51);6:51;https://fabiobiondi.teachable.com/courses/630974/lectures/11533241
406;NgRx;47;InvoiceApp -> InvoiceEditor: Reactive Forms; 7.-reactiveforms:-metodi-patchvalue-and-reset-(1:54); 7. ReactiveForms: metodi patchValue and reset (1:54);1:54;https://fabiobiondi.teachable.com/courses/630974/lectures/11533240
407;NgRx;47;InvoiceApp -> InvoiceEditor: Reactive Forms; 8.-formarray:-gestione-prodotti-fattura---part-1-(9:17); 8. FormArray: gestione prodotti fattura - part 1 (9:17);9:17;https://fabiobiondi.teachable.com/courses/630974/lectures/11533243
408;NgRx;47;InvoiceApp -> InvoiceEditor: Reactive Forms; 9.-formarray:-gestione-prodotti-fattura---part-2-(14:28); 9. FormArray: gestione prodotti fattura - part 2 (14:28);14:28;https://fabiobiondi.teachable.com/courses/630974/lectures/11567392
409;NgRx;47;InvoiceApp -> InvoiceEditor: Reactive Forms; 10.-formarray:-gestione-prodotti-fattura---part-3-(3:35); 10. FormArray: gestione prodotti fattura - part 3 (3:35);3:35;https://fabiobiondi.teachable.com/courses/630974/lectures/11567394
410;NgRx;47;InvoiceApp -> InvoiceEditor: Reactive Forms; 11.-formarray:-calcolo-totale-prodotti-(8:02); 11. FormArray: calcolo totale prodotti (8:02);8:02;https://fabiobiondi.teachable.com/courses/630974/lectures/11534269
411;NgRx;47;InvoiceApp -> InvoiceEditor: Reactive Forms; 12.-formarray:-selezione-clienti-(8:01); 12. FormArray: selezione clienti (8:01);8:01;https://fabiobiondi.teachable.com/courses/630974/lectures/11533239
412;NgRx;48;Miglioramenti-best-practices-and-fix; 01.-routing-redirect-(0:45); 01. Routing Redirect (0:45);0:45;https://fabiobiondi.teachable.com/courses/630974/lectures/11541660
413;NgRx;48;Miglioramenti-best-practices-and-fix; 02.-aggiungere-immagini-al-progetto-(2:42); 02. Aggiungere immagini al progetto (2:42);2:42;https://fabiobiondi.teachable.com/courses/630974/lectures/11541661
414;NgRx;48;Miglioramenti-best-practices-and-fix;" 03.-ottimizzazione-performance-con-la-changedetectionstrategy-""onpush""-(5:33)";" 03. Ottimizzazione performance con la ChangeDetectionStrategy ""onPush"" (5:33)";5:33;https://fabiobiondi.teachable.com/courses/630974/lectures/11541663
415;NgRx;48;Miglioramenti-best-practices-and-fix; 04.-tip:-barrel-index-file:-import-/-export-modules-(6:31); 04. TIP: barrel index file: import / export modules (6:31);6:31;https://fabiobiondi.teachable.com/courses/630974/lectures/11541662
416;NgRx;48;Miglioramenti-best-practices-and-fix; 05.-miglioramento-performance:-sottoscrizione-manuale-agli-observable-vs-async-(ngif-as)-(3:34); 05. Miglioramento Performance: sottoscrizione manuale agli observable vs async (ngif-as) (3:34);3:34;https://fabiobiondi.teachable.com/courses/630974/lectures/11541664
417;NgRx;49;Stampa Fattura; 01.-nested-routes-&-multiple-containers-(7:46); 01. Nested Routes & multiple Containers (7:46);7:46;https://fabiobiondi.teachable.com/courses/630974/lectures/11541764
418;NgRx;49;Stampa Fattura; 02.-selettori-compositi-(6:40); 02. Selettori Compositi (6:40);6:40;https://fabiobiondi.teachable.com/courses/630974/lectures/11541763
419;NgRx;49;Stampa Fattura; 03.-router:-back-action-(2:11); 03. Router: back action (2:11);2:11;https://fabiobiondi.teachable.com/courses/630974/lectures/11541761
420;NgRx;49;Stampa Fattura; 04.-css-tip:-print-media-query-&-angular-css-viewencapsulation-(3:54); 04. CSS TIP: print media query & Angular CSS ViewEncapsulation (3:54);3:54;https://fabiobiondi.teachable.com/courses/630974/lectures/11541760
421;NgRx;49;Stampa Fattura; 05.-visualizzazione-dati-e-stampa-(10:35); 05. Visualizzazione dati e stampa (10:35);10:35;https://fabiobiondi.teachable.com/courses/630974/lectures/11541762
422;NgRx;50;EXTRA: NGRX tips & tricks;" 1.-configurazione-modulo-""root""-vs-module-""core""-(0:36)";" 1. Configurazione modulo ""root"" vs module ""core"" (0:36)";0:36;https://fabiobiondi.teachable.com/courses/630974/lectures/11542397
423;NgRx;50;EXTRA: NGRX tips & tricks; 2.-runtime-checks-&-immutabilità-(2:24); 2. Runtime checks & immutabilità (2:24);2:24;https://fabiobiondi.teachable.com/courses/630974/lectures/11542503
424;NgRx;50;EXTRA: NGRX tips & tricks;" 3.-store-""forroot""-vs-""forfeature""-(1:58)";" 3. Store ""forRoot"" vs ""forFeature"" (1:58)";1:58;https://fabiobiondi.teachable.com/courses/630974/lectures/11542505
425;NgRx;50;EXTRA: NGRX tips & tricks; 4.-store-type-&-actionreducermap-(2:10); 4. Store Type & actionReducerMap (2:10);2:10;https://fabiobiondi.teachable.com/courses/630974/lectures/11542757
426;NgRx;50;EXTRA: NGRX tips & tricks; 10.-reducer-&-sintassi-js-per-restituire-oggetti-in-un-reducer-(1:08); 10. Reducer & sintassi JS per restituire oggetti in un reducer (1:08);1:08;https://fabiobiondi.teachable.com/courses/630974/lectures/11542395
427;NgRx;50;EXTRA: NGRX tips & tricks; 11.-reducer-&-problemi-di-compilazione-aot-(1:33); 11. Reducer & problemi di compilazione AOT (1:33);1:33;https://fabiobiondi.teachable.com/courses/630974/lectures/11542396
428;NgRx;50;EXTRA: NGRX tips & tricks; 20.-actions:-passare-la-minore-quantità-di-informazioni-nel-payload-(4:07); 20. Actions: passare la minore quantità di informazioni nel payload (4:07);4:07;https://fabiobiondi.teachable.com/courses/630974/lectures/11542502
429;NgRx;50;EXTRA: NGRX tips & tricks; 33.-selectors:-sommario-(4:37); 33. Selectors: sommario (4:37);4:37;https://fabiobiondi.teachable.com/courses/630974/lectures/11542504
430;NgRx;50;EXTRA: NGRX tips & tricks; 34.-effects:-sommario-(2:12); 34. Effects: sommario (2:12);2:12;https://fabiobiondi.teachable.com/courses/630974/lectures/11542753
431;NgRx;50;EXTRA: NGRX tips & tricks; 35.-rxjs-tip:-switchmap-vs-exhaustmap-vs-concatmap-vs-mergemap-(2:29); 35. RXJS TIP: switchmap vs exhaustmap vs concatmap vs mergemap (2:29);2:29;https://fabiobiondi.teachable.com/courses/630974/lectures/11542756
432;NgRx;50;EXTRA: NGRX tips & tricks; 36.-effects:-recuperare-lo-stato-con-withlatestfrom-(2:15); 36. Effects: recuperare lo stato con withLatestFrom (2:15);2:15;https://fabiobiondi.teachable.com/courses/630974/lectures/11542754
433;NgRx;50;EXTRA: NGRX tips & tricks; 37.-effects:-dispatch-multiple-actions-(2:51); 37. Effects: dispatch multiple actions (2:51);2:51;https://fabiobiondi.teachable.com/courses/630974/lectures/11542755